#
# There is insufficient memory for the Java Runtime Environment to continue.
# Native memory allocation (malloc) failed to allocate 6954712 bytes. Error detail: Chunk::new
# Possible reasons:
#   The system is out of physical RAM or swap space
#   This process is running with CompressedOops enabled, and the Java Heap may be blocking the growth of the native heap
# Possible solutions:
#   Reduce memory load on the system
#   Increase physical memory or swap space
#   Check if swap backing store is full
#   Decrease Java heap size (-Xmx/-Xms)
#   Decrease number of Java threads
#   Decrease Java thread stack sizes (-Xss)
#   Set larger code cache with -XX:ReservedCodeCacheSize=
#   JVM is running with Unscaled Compressed Oops mode in which the Java heap is
#     placed in the first 4GB address space. The Java Heap base address is the
#     maximum limit for the native heap growth. Please use -XX:HeapBaseMinAddress
#     to set the Java Heap base and to place the Java Heap above 4GB virtual address.
# This output file may be truncated or incomplete.
#
#  Out of Memory Error (arena.cpp:186), pid=15960, tid=18152
#
# JRE version: OpenJDK Runtime Environment (25.0.2) (build 25.0.2+-15348964-b329.117)
# Java VM: OpenJDK 64-Bit Server VM (25.0.2+-15348964-b329.117, mixed mode, tiered, compressed oops, compressed class ptrs, g1 gc, windows-amd64)
# No core dump will be written. Minidumps are not enabled by default on client versions of Windows
#

---------------  S U M M A R Y ------------

Command Line: --add-opens=java.base/java.lang=ALL-UNNAMED --add-opens=java.base/java.lang.invoke=ALL-UNNAMED --add-opens=java.base/java.util=ALL-UNNAMED --add-opens=java.prefs/java.util.prefs=ALL-UNNAMED --add-exports=jdk.compiler/com.sun.tools.javac.api=ALL-UNNAMED --add-exports=jdk.compiler/com.sun.tools.javac.util=ALL-UNNAMED --add-opens=java.base/java.nio.charset=ALL-UNNAMED --add-opens=java.base/java.net=ALL-UNNAMED --add-opens=java.base/java.util.concurrent=ALL-UNNAMED --add-opens=java.base/java.util.concurrent.atomic=ALL-UNNAMED --add-opens=java.xml/javax.xml.namespace=ALL-UNNAMED --add-opens=java.base/java.time=ALL-UNNAMED --enable-native-access=ALL-UNNAMED -Xmx2048m -Dfile.encoding=UTF-8 -Duser.country=US -Duser.language=en -Duser.variant -javaagent:C:\Users\Abdullah\.gradle\wrapper\dists\gradle-9.5.0-bin\bvnork1r7n8i6kp5cnkibsc9q\gradle-9.5.0\lib\agents\gradle-instrumentation-agent-9.5.0.jar org.gradle.launcher.daemon.bootstrap.GradleDaemon 9.5.0

Host: Intel(R) Core(TM) i5-6500 CPU @ 3.20GHz, 4 cores, 15G,  Windows 10 , 64 bit Build 19041 (10.0.19041.7548)
Time: Tue Aug  4 11:39:07 2026 Pacific Daylight Time elapsed time: 52.997310 seconds (0d 0h 0m 52s)

---------------  T H R E A D  ---------------

Current thread (0x00000221694bf500):  JavaThread "C2 CompilerThread0" daemon [_thread_in_native, id=18152, stack(0x0000004aea300000,0x0000004aea400000) (1024K)]


Current CompileTask:
C2:52997 13162   !   4       java.nio.file.FileTreeWalker::next (131 bytes)

Stack: [0x0000004aea300000,0x0000004aea400000]
Native frames: (J=compiled Java code, j=interpreted, Vv=VM code, C=native code)
V  [jvm.dll+0x7bd439]  (no source info available)
V  [jvm.dll+0x78763d]  (no source info available)
V  [jvm.dll+0xa0c885]  (no source info available)
V  [jvm.dll+0xa0ef04]  (no source info available)
V  [jvm.dll+0xa0f603]  (no source info available)
V  [jvm.dll+0x309bf6]  (no source info available)
V  [jvm.dll+0x10ea69]  (no source info available)
V  [jvm.dll+0x10ed92]  (no source info available)
V  [jvm.dll+0x1a9837]  (no source info available)
V  [jvm.dll+0x3bec92]  (no source info available)
V  [jvm.dll+0x7c2cb7]  (no source info available)
V  [jvm.dll+0x2ce046]  (no source info available)
V  [jvm.dll+0x2cd221]  (no source info available)
V  [jvm.dll+0x242ffa]  (no source info available)
V  [jvm.dll+0x2dcc05]  (no source info available)
V  [jvm.dll+0x2dae06]  (no source info available)
V  [jvm.dll+0x49b59e]  (no source info available)
V  [jvm.dll+0x9ab9c8]  (no source info available)
V  [jvm.dll+0x7bb985]  (no source info available)
C  [ucrtbase.dll+0x21bb2]  (no source info available)
C  [KERNEL32.DLL+0x17374]  (no source info available)
C  [ntdll.dll+0x4cc91]  (no source info available)

Lock stack of current Java thread (top to bottom):


---------------  P R O C E S S  ---------------

Threads class SMR info:
_java_thread_list=0x000002217ba16bf0, length=44, elements={
0x00000221521de960, 0x0000022169494b40, 0x00000221694a0010, 0x00000221694b2e20,
0x00000221694b3700, 0x00000221694b48d0, 0x00000221694bda50, 0x00000221694be610,
0x00000221694bf500, 0x0000022169662090, 0x000002216995ba30, 0x000002216f5b24b0,
0x0000022170a941a0, 0x000002216f5d45d0, 0x0000022170944ed0, 0x000002216f61b100,
0x000002216f61b8c0, 0x000002216f5fb5a0, 0x000002216f5f7ef0, 0x000002216f5f7720,
0x000002216f5f9660, 0x000002216f5fa600, 0x000002216f5fadd0, 0x000002216e1787d0,
0x000002216e17a710, 0x000002216e179770, 0x000002216e179f40, 0x000002216e1758f0,
0x000002216e177060, 0x00000221706f1a90, 0x00000221706efb50, 0x00000221706f12c0,
0x00000221706eebb0, 0x00000221706ee3e0, 0x000002216f7c0ad0, 0x000002216f7bfb30,
0x000002216f7beb90, 0x00000221728f8c20, 0x00000221728fb330, 0x00000221728fbb00,
0x00000221699af740, 0x000002217bead760, 0x000002217beabff0, 0x000002217beaf6a0
}

Java Threads: ( => current thread )
  0x00000221521de960 JavaThread "main"                              [_thread_blocked, id=17784, stack(0x0000004ae9400000,0x0000004ae9500000) (1024K)]
  0x0000022169494b40 JavaThread "Common-Cleaner"             daemon [_thread_blocked, id=13552, stack(0x0000004ae9c00000,0x0000004ae9d00000) (1024K)]
  0x00000221694a0010 JavaThread "Reference Handler"          daemon [_thread_blocked, id=4400, stack(0x0000004ae9d00000,0x0000004ae9e00000) (1024K)]
  0x00000221694b2e20 JavaThread "Finalizer"                  daemon [_thread_blocked, id=12112, stack(0x0000004ae9e00000,0x0000004ae9f00000) (1024K)]
  0x00000221694b3700 JavaThread "Signal Dispatcher"          daemon [_thread_blocked, id=14472, stack(0x0000004ae9f00000,0x0000004aea000000) (1024K)]
  0x00000221694b48d0 JavaThread "Attach Listener"            daemon [_thread_blocked, id=9516, stack(0x0000004aea000000,0x0000004aea100000) (1024K)]
  0x00000221694bda50 JavaThread "Service Thread"             daemon [_thread_blocked, id=8712, stack(0x0000004aea100000,0x0000004aea200000) (1024K)]
  0x00000221694be610 JavaThread "Monitor Deflation Thread"   daemon [_thread_blocked, id=19436, stack(0x0000004aea200000,0x0000004aea300000) (1024K)]
=>0x00000221694bf500 JavaThread "C2 CompilerThread0"         daemon [_thread_in_native, id=18152, stack(0x0000004aea300000,0x0000004aea400000) (1024K)]
  0x0000022169662090 JavaThread "C1 CompilerThread0"         daemon [_thread_blocked, id=12368, stack(0x0000004aea400000,0x0000004aea500000) (1024K)]
  0x000002216995ba30 JavaThread "Notification Thread"        daemon [_thread_blocked, id=18996, stack(0x0000004aea500000,0x0000004aea600000) (1024K)]
  0x000002216f5b24b0 JavaThread "Daemon health stats"               [_thread_blocked, id=16216, stack(0x0000004aea600000,0x0000004aea700000) (1024K)]
  0x0000022170a941a0 JavaThread "Incoming local TCP Connector on port 49720"        [_thread_in_native, id=16816, stack(0x0000004aeaa00000,0x0000004aeab00000) (1024K)]
  0x000002216f5d45d0 JavaThread "Daemon periodic checks"            [_thread_blocked, id=11892, stack(0x0000004aeab00000,0x0000004aeac00000) (1024K)]
  0x0000022170944ed0 JavaThread "Daemon"                            [_thread_blocked, id=9412, stack(0x0000004aead00000,0x0000004aeae00000) (1024K)]
  0x000002216f61b100 JavaThread "Handler for socket connection from /127.0.0.1:49720 to /127.0.0.1:49723"        [_thread_in_native, id=12448, stack(0x0000004aeae00000,0x0000004aeaf00000) (1024K)]
  0x000002216f61b8c0 JavaThread "Cancel handler"                    [_thread_blocked, id=2792, stack(0x0000004aeaf00000,0x0000004aeb000000) (1024K)]
  0x000002216f5fb5a0 JavaThread "Daemon worker"                     [_thread_in_Java, id=16424, stack(0x0000004aeb000000,0x0000004aeb100000) (1024K)]
  0x000002216f5f7ef0 JavaThread "Asynchronous log dispatcher for DefaultDaemonConnection: socket connection from /127.0.0.1:49720 to /127.0.0.1:49723"        [_thread_blocked, id=12588, stack(0x0000004aeb100000,0x0000004aeb200000) (1024K)]
  0x000002216f5f7720 JavaThread "Stdin handler"                     [_thread_blocked, id=9056, stack(0x0000004aeb200000,0x0000004aeb300000) (1024K)]
  0x000002216f5f9660 JavaThread "Daemon client event forwarder"        [_thread_blocked, id=13716, stack(0x0000004aeb300000,0x0000004aeb400000) (1024K)]
  0x000002216f5fa600 JavaThread "Cache worker for journal cache (C:\Users\Abdullah\.gradle\caches\journal-1)"        [_thread_blocked, id=13124, stack(0x0000004aeac00000,0x0000004aead00000) (1024K)]
  0x000002216f5fadd0 JavaThread "File lock request listener"        [_thread_in_native, id=10464, stack(0x0000004aeb400000,0x0000004aeb500000) (1024K)]
  0x000002216e1787d0 JavaThread "Cache worker for file hash cache (C:\Users\Abdullah\.gradle\caches\9.5.0\fileHashes)"        [_thread_blocked, id=1360, stack(0x0000004aeb500000,0x0000004aeb600000) (1024K)]
  0x000002216e17a710 JavaThread "File lock release action executor"        [_thread_blocked, id=10708, stack(0x0000004aeb700000,0x0000004aeb800000) (1024K)]
  0x000002216e179770 JavaThread "Cache worker for file hash cache (C:\Users\Abdullah\AndroidStudioProjects\SwiftTrack\.gradle\9.5.0\fileHashes)"        [_thread_blocked, id=4664, stack(0x0000004aeb600000,0x0000004aeb700000) (1024K)]
  0x000002216e179f40 JavaThread "Cache worker for checksums cache (C:\Users\Abdullah\AndroidStudioProjects\SwiftTrack\.gradle\9.5.0\checksums)"        [_thread_blocked, id=18200, stack(0x0000004aeb800000,0x0000004aeb900000) (1024K)]
  0x000002216e1758f0 JavaThread "Cache worker for Build Output Cleanup Cache (C:\Users\Abdullah\AndroidStudioProjects\SwiftTrack\.gradle\buildOutputCleanup)"        [_thread_blocked, id=14352, stack(0x0000004aeba00000,0x0000004aebb00000) (1024K)]
  0x000002216e177060 JavaThread "Cache worker for file content cache (C:\Users\Abdullah\.gradle\caches\9.5.0\fileContent)"        [_thread_blocked, id=1124, stack(0x0000004aebb00000,0x0000004aebc00000) (1024K)]
  0x00000221706f1a90 JavaThread "File watcher server"        daemon [_thread_in_native, id=9060, stack(0x0000004aeb900000,0x0000004aeba00000) (1024K)]
  0x00000221706efb50 JavaThread "File watcher consumer"      daemon [_thread_blocked, id=16472, stack(0x0000004aebc00000,0x0000004aebd00000) (1024K)]
  0x00000221706f12c0 JavaThread "Cache worker for cache directory md-supplier (C:\Users\Abdullah\.gradle\caches\9.5.0\md-supplier)"        [_thread_blocked, id=18616, stack(0x0000004aebd00000,0x0000004aebe00000) (1024K)]
  0x00000221706eebb0 JavaThread "Cache worker for cache directory md-rule (C:\Users\Abdullah\.gradle\caches\9.5.0\md-rule)"        [_thread_blocked, id=17880, stack(0x0000004aebe00000,0x0000004aebf00000) (1024K)]
  0x00000221706ee3e0 JavaThread "Build operations"                  [_thread_blocked, id=8312, stack(0x0000004aebf00000,0x0000004aec000000) (1024K)]
  0x000002216f7c0ad0 JavaThread "Build operations Thread 2"         [_thread_blocked, id=16740, stack(0x0000004aec000000,0x0000004aec100000) (1024K)]
  0x000002216f7bfb30 JavaThread "Build operations Thread 3"         [_thread_blocked, id=1520, stack(0x0000004aec100000,0x0000004aec200000) (1024K)]
  0x000002216f7beb90 JavaThread "Configuration cache report writer"        [_thread_blocked, id=15032, stack(0x0000004aec200000,0x0000004aec300000) (1024K)]
  0x00000221728f8c20 JavaThread "Build operations Thread 4"         [_thread_blocked, id=9264, stack(0x0000004aec300000,0x0000004aec400000) (1024K)]
  0x00000221728fb330 JavaThread "DefaultDispatcher-worker-1" daemon [_thread_blocked, id=13964, stack(0x0000004aec400000,0x0000004aec500000) (1024K)]
  0x00000221728fbb00 JavaThread "DefaultDispatcher-worker-2" daemon [_thread_blocked, id=8780, stack(0x0000004aec500000,0x0000004aec600000) (1024K)]
  0x00000221699af740 JavaThread "DefaultDispatcher-worker-3" daemon [_thread_blocked, id=12780, stack(0x0000004aec600000,0x0000004aec700000) (1024K)]
  0x000002217bead760 JavaThread "Memory manager"                    [_thread_blocked, id=13416, stack(0x0000004aec700000,0x0000004aec800000) (1024K)]
  0x000002217beabff0 JavaThread "build event listener"              [_thread_blocked, id=12828, stack(0x0000004aec800000,0x0000004aec900000) (1024K)]
  0x000002217beaf6a0 JavaThread "DefaultDispatcher-worker-4" daemon [_thread_new, id=6600, stack(0x0000000000000000,0x0000000000000000) (0B)]
Total: 44

Other Threads:
  0x0000022169440b60 VMThread "VM Thread"                           [id=1944, stack(0x0000004ae9b00000,0x0000004ae9c00000) (1024K)]
  0x000002216942f2e0 WatcherThread "VM Periodic Task Thread"        [id=3000, stack(0x0000004ae9a00000,0x0000004ae9b00000) (1024K)]
  0x0000022152236820 WorkerThread "GC Thread#0"                     [id=5900, stack(0x0000004ae9500000,0x0000004ae9600000) (1024K)]
  0x000002216eeb0750 WorkerThread "GC Thread#1"                     [id=16624, stack(0x0000004aea700000,0x0000004aea800000) (1024K)]
  0x000002216eeb0b80 WorkerThread "GC Thread#2"                     [id=11356, stack(0x0000004aea800000,0x0000004aea900000) (1024K)]
  0x000002216eeb0fb0 WorkerThread "GC Thread#3"                     [id=8088, stack(0x0000004aea900000,0x0000004aeaa00000) (1024K)]
  0x000002214fffe950 ConcurrentGCThread "G1 Main Marker"            [id=17592, stack(0x0000004ae9600000,0x0000004ae9700000) (1024K)]
  0x0000022152250f90 WorkerThread "G1 Conc#0"                       [id=6724, stack(0x0000004ae9700000,0x0000004ae9800000) (1024K)]
  0x0000022152294130 ConcurrentGCThread "G1 Refine#0"               [id=9248, stack(0x0000004ae9800000,0x0000004ae9900000) (1024K)]
  0x0000022152294d40 ConcurrentGCThread "G1 Service"                [id=18016, stack(0x0000004ae9900000,0x0000004ae9a00000) (1024K)]
Total: 10

Threads with active compile tasks:
C2 CompilerThread0  53146 13162   !   4       java.nio.file.FileTreeWalker::next (131 bytes)
C1 CompilerThread0  53146 13201       3       jdk.internal.jrtfs.JrtFileSystem::checkOptions (102 bytes)
Total: 2

VM state: not at safepoint (normal execution)

VM Mutex/Monitor currently owned by a thread: None

Heap address: 0x0000000080000000, size: 2048 MB, Compressed Oops mode: 32-bit

CDS archive(s) not mapped
Compressed class space mapped at: 0x0000000029000000-0x0000000069000000, reserved size: 1073741824
UseCompressedClassPointers 1, UseCompactObjectHeaders 0
Narrow klass pointer bits 32, Max shift 3
Narrow klass base: 0x0000000000000000, Narrow klass shift: 0
Encoding Range: [0x0000000000000000 - 0x0000000100000000), (4294967296 bytes)
Klass Range:    [0x0000000029000000 - 0x0000000069000000), (1073741824 bytes)
Klass ID Range:  [687865856 - 1761607673) (1073741817)
No protection zone.

GC Precious Log:
 CardTable entry size: 512
 Card Set container configuration: InlinePtr #cards 5 size 8 Array Of Cards #cards 10 size 36 Howl #buckets 4 coarsen threshold 1843 Howl Bitmap #cards 512 size 80 coarsen threshold 460 Card regions per heap region 1 cards per card region 2048
 CPUs: 4 total, 4 available
 Memory: 16308M
 Large Page Support: Disabled
 NUMA Support: Disabled
 Compressed Oops: Enabled (32-bit)
 Heap Region Size: 1M
 Heap Min Capacity: 8M
 Heap Initial Capacity: 256M
 Heap Max Capacity: 2G
 Pre-touch: Disabled
 Parallel Workers: 4
 Concurrent Workers: 1
 Concurrent Refinement Workers: 4
 Periodic GC: Disabled

Heap:
 garbage-first heap   total reserved 2097152K, committed 219136K, used 137023K [0x0000000080000000, 0x0000000100000000)
  region size 1024K, 46 young (47104K), 10 survivors (10240K)

Heap Regions: E=young(eden), S=young(survivor), O=old, HS=humongous(starts), HC=humongous(continues), CS=collection set, F=free, TAMS=top-at-mark-start, PB=parsable bottom
|   0|0x0000000080000000, 0x0000000080100000, 0x0000000080100000|100%|HS|  |TAMS 0x0000000080000000| PB 0x0000000080000000| Complete |  0
|   1|0x0000000080100000, 0x0000000080200000, 0x0000000080200000|100%|HC|  |TAMS 0x0000000080100000| PB 0x0000000080100000| Complete |  0
|   2|0x0000000080200000, 0x0000000080300000, 0x0000000080300000|100%|HC|  |TAMS 0x0000000080200000| PB 0x0000000080200000| Complete |  0
|   3|0x0000000080300000, 0x0000000080400000, 0x0000000080400000|100%|HC|  |TAMS 0x0000000080300000| PB 0x0000000080300000| Complete |  0
|   4|0x0000000080400000, 0x0000000080500000, 0x0000000080500000|100%| O|  |TAMS 0x0000000080400000| PB 0x0000000080400000| Untracked |  0
|   5|0x0000000080500000, 0x0000000080600000, 0x0000000080600000|100%| O|  |TAMS 0x0000000080500000| PB 0x0000000080500000| Untracked |  0
|   6|0x0000000080600000, 0x0000000080700000, 0x0000000080700000|100%| O|  |TAMS 0x0000000080600000| PB 0x0000000080600000| Untracked |  0
|   7|0x0000000080700000, 0x0000000080800000, 0x0000000080800000|100%| O|  |TAMS 0x0000000080700000| PB 0x0000000080700000| Untracked |  0
|   8|0x0000000080800000, 0x0000000080900000, 0x0000000080900000|100%|HS|  |TAMS 0x0000000080800000| PB 0x0000000080800000| Complete |  0
|   9|0x0000000080900000, 0x0000000080a00000, 0x0000000080a00000|100%| O|  |TAMS 0x0000000080900000| PB 0x0000000080900000| Untracked |  0
|  10|0x0000000080a00000, 0x0000000080b00000, 0x0000000080b00000|100%| O|  |TAMS 0x0000000080a00000| PB 0x0000000080a00000| Untracked |  0
|  11|0x0000000080b00000, 0x0000000080c00000, 0x0000000080c00000|100%| O|  |TAMS 0x0000000080b00000| PB 0x0000000080b00000| Untracked |  0
|  12|0x0000000080c00000, 0x0000000080d00000, 0x0000000080d00000|100%| O|  |TAMS 0x0000000080c00000| PB 0x0000000080c00000| Untracked |  0
|  13|0x0000000080d00000, 0x0000000080e00000, 0x0000000080e00000|100%| O|  |TAMS 0x0000000080d00000| PB 0x0000000080d00000| Untracked |  0
|  14|0x0000000080e00000, 0x0000000080f00000, 0x0000000080f00000|100%| O|  |TAMS 0x0000000080e00000| PB 0x0000000080e00000| Untracked |  0
|  15|0x0000000080f00000, 0x0000000081000000, 0x0000000081000000|100%| O|  |TAMS 0x0000000080f00000| PB 0x0000000080f00000| Untracked |  0
|  16|0x0000000081000000, 0x0000000081100000, 0x0000000081100000|100%| O|  |TAMS 0x0000000081000000| PB 0x0000000081000000| Untracked |  0
|  17|0x0000000081100000, 0x0000000081200000, 0x0000000081200000|100%| O|  |TAMS 0x0000000081100000| PB 0x0000000081100000| Untracked |  0
|  18|0x0000000081200000, 0x0000000081300000, 0x0000000081300000|100%| O|  |TAMS 0x0000000081200000| PB 0x0000000081200000| Untracked |  0
|  19|0x0000000081300000, 0x0000000081400000, 0x0000000081400000|100%| O|  |TAMS 0x0000000081300000| PB 0x0000000081300000| Untracked |  0
|  20|0x0000000081400000, 0x0000000081500000, 0x0000000081500000|100%| O|  |TAMS 0x0000000081400000| PB 0x0000000081400000| Untracked |  0
|  21|0x0000000081500000, 0x0000000081600000, 0x0000000081600000|100%| O|  |TAMS 0x0000000081500000| PB 0x0000000081500000| Untracked |  0
|  22|0x0000000081600000, 0x0000000081700000, 0x0000000081700000|100%| O|  |TAMS 0x0000000081600000| PB 0x0000000081600000| Untracked |  0
|  23|0x0000000081700000, 0x0000000081800000, 0x0000000081800000|100%| O|  |TAMS 0x0000000081700000| PB 0x0000000081700000| Untracked |  0
|  24|0x0000000081800000, 0x0000000081900000, 0x0000000081900000|100%| O|  |TAMS 0x0000000081800000| PB 0x0000000081800000| Untracked |  0
|  25|0x0000000081900000, 0x0000000081a00000, 0x0000000081a00000|100%|HS|  |TAMS 0x0000000081900000| PB 0x0000000081900000| Complete |  0
|  26|0x0000000081a00000, 0x0000000081b00000, 0x0000000081b00000|100%| O|  |TAMS 0x0000000081a00000| PB 0x0000000081a00000| Untracked |  0
|  27|0x0000000081b00000, 0x0000000081c00000, 0x0000000081c00000|100%| O|  |TAMS 0x0000000081b00000| PB 0x0000000081b00000| Untracked |  0
|  28|0x0000000081c00000, 0x0000000081d00000, 0x0000000081d00000|100%| O|  |TAMS 0x0000000081c00000| PB 0x0000000081c00000| Untracked |  0
|  29|0x0000000081d00000, 0x0000000081e00000, 0x0000000081e00000|100%| O|  |TAMS 0x0000000081d00000| PB 0x0000000081d00000| Untracked |  0
|  30|0x0000000081e00000, 0x0000000081f00000, 0x0000000081f00000|100%| O|  |TAMS 0x0000000081e00000| PB 0x0000000081e00000| Untracked |  0
|  31|0x0000000081f00000, 0x0000000082000000, 0x0000000082000000|100%| O|  |TAMS 0x0000000081f00000| PB 0x0000000081f00000| Untracked |  0
|  32|0x0000000082000000, 0x0000000082100000, 0x0000000082100000|100%| O|  |TAMS 0x0000000082000000| PB 0x0000000082000000| Untracked |  0
|  33|0x0000000082100000, 0x0000000082200000, 0x0000000082200000|100%| O|  |TAMS 0x0000000082100000| PB 0x0000000082100000| Untracked |  0
|  34|0x0000000082200000, 0x0000000082300000, 0x0000000082300000|100%| O|  |TAMS 0x0000000082200000| PB 0x0000000082200000| Untracked |  0
|  35|0x0000000082300000, 0x0000000082400000, 0x0000000082400000|100%| O|  |TAMS 0x0000000082300000| PB 0x0000000082300000| Untracked |  0
|  36|0x0000000082400000, 0x0000000082400000, 0x0000000082500000|  0%| F|  |TAMS 0x0000000082400000| PB 0x0000000082400000| Untracked |  0
|  37|0x0000000082500000, 0x0000000082600000, 0x0000000082600000|100%| O|  |TAMS 0x0000000082500000| PB 0x0000000082500000| Untracked |  0
|  38|0x0000000082600000, 0x0000000082700000, 0x0000000082700000|100%| O|  |TAMS 0x0000000082600000| PB 0x0000000082600000| Untracked |  0
|  39|0x0000000082700000, 0x0000000082800000, 0x0000000082800000|100%| O|Cm|TAMS 0x0000000082700000| PB 0x0000000082700000| Complete |  0
|  40|0x0000000082800000, 0x0000000082900000, 0x0000000082900000|100%| O|  |TAMS 0x0000000082800000| PB 0x0000000082800000| Untracked |  0
|  41|0x0000000082900000, 0x0000000082a00000, 0x0000000082a00000|100%| O|  |TAMS 0x0000000082900000| PB 0x0000000082900000| Untracked |  0
|  42|0x0000000082a00000, 0x0000000082a00000, 0x0000000082b00000|  0%| F|  |TAMS 0x0000000082a00000| PB 0x0000000082a00000| Untracked |  0
|  43|0x0000000082b00000, 0x0000000082b00000, 0x0000000082c00000|  0%| F|  |TAMS 0x0000000082b00000| PB 0x0000000082b00000| Untracked |  0
|  44|0x0000000082c00000, 0x0000000082c00000, 0x0000000082d00000|  0%| F|  |TAMS 0x0000000082c00000| PB 0x0000000082c00000| Untracked |  0
|  45|0x0000000082d00000, 0x0000000082e00000, 0x0000000082e00000|100%|HS|  |TAMS 0x0000000082d00000| PB 0x0000000082d00000| Complete |  0
|  46|0x0000000082e00000, 0x0000000082e00000, 0x0000000082f00000|  0%| F|  |TAMS 0x0000000082e00000| PB 0x0000000082e00000| Untracked |  0
|  47|0x0000000082f00000, 0x0000000082f00000, 0x0000000083000000|  0%| F|  |TAMS 0x0000000082f00000| PB 0x0000000082f00000| Untracked |  0
|  48|0x0000000083000000, 0x0000000083100000, 0x0000000083100000|100%|HS|  |TAMS 0x0000000083000000| PB 0x0000000083000000| Complete |  0
|  49|0x0000000083100000, 0x0000000083100000, 0x0000000083200000|  0%| F|  |TAMS 0x0000000083100000| PB 0x0000000083100000| Untracked |  0
|  50|0x0000000083200000, 0x0000000083300000, 0x0000000083300000|100%| O|  |TAMS 0x0000000083200000| PB 0x0000000083200000| Untracked |  0
|  51|0x0000000083300000, 0x0000000083400000, 0x0000000083400000|100%| O|  |TAMS 0x0000000083300000| PB 0x0000000083300000| Untracked |  0
|  52|0x0000000083400000, 0x0000000083500000, 0x0000000083500000|100%| O|  |TAMS 0x0000000083400000| PB 0x0000000083400000| Untracked |  0
|  53|0x0000000083500000, 0x0000000083600000, 0x0000000083600000|100%| O|  |TAMS 0x0000000083500000| PB 0x0000000083500000| Untracked |  0
|  54|0x0000000083600000, 0x0000000083700000, 0x0000000083700000|100%| O|  |TAMS 0x0000000083600000| PB 0x0000000083600000| Untracked |  0
|  55|0x0000000083700000, 0x0000000083800000, 0x0000000083800000|100%| O|  |TAMS 0x0000000083700000| PB 0x0000000083700000| Untracked |  0
|  56|0x0000000083800000, 0x0000000083900000, 0x0000000083900000|100%| O|  |TAMS 0x0000000083800000| PB 0x0000000083800000| Untracked |  0
|  57|0x0000000083900000, 0x0000000083a00000, 0x0000000083a00000|100%| O|  |TAMS 0x0000000083900000| PB 0x0000000083900000| Untracked |  0
|  58|0x0000000083a00000, 0x0000000083b00000, 0x0000000083b00000|100%| O|  |TAMS 0x0000000083a00000| PB 0x0000000083a00000| Untracked |  0
|  59|0x0000000083b00000, 0x0000000083bcff20, 0x0000000083c00000| 81%| O|  |TAMS 0x0000000083b00000| PB 0x0000000083b00000| Untracked |  0
|  60|0x0000000083c00000, 0x0000000083c00000, 0x0000000083d00000|  0%| F|  |TAMS 0x0000000083c00000| PB 0x0000000083c00000| Untracked |  0
|  61|0x0000000083d00000, 0x0000000083d00000, 0x0000000083e00000|  0%| F|  |TAMS 0x0000000083d00000| PB 0x0000000083d00000| Untracked |  0
|  62|0x0000000083e00000, 0x0000000083e00000, 0x0000000083f00000|  0%| F|  |TAMS 0x0000000083e00000| PB 0x0000000083e00000| Untracked |  0
|  63|0x0000000083f00000, 0x0000000083f00000, 0x0000000084000000|  0%| F|  |TAMS 0x0000000083f00000| PB 0x0000000083f00000| Untracked |  0
|  64|0x0000000084000000, 0x0000000084100000, 0x0000000084100000|100%| O|  |TAMS 0x0000000084000000| PB 0x0000000084000000| Untracked |  0
|  65|0x0000000084100000, 0x0000000084100000, 0x0000000084200000|  0%| F|  |TAMS 0x0000000084100000| PB 0x0000000084100000| Untracked |  0
|  66|0x0000000084200000, 0x0000000084200000, 0x0000000084300000|  0%| F|  |TAMS 0x0000000084200000| PB 0x0000000084200000| Untracked |  0
|  67|0x0000000084300000, 0x0000000084300000, 0x0000000084400000|  0%| F|  |TAMS 0x0000000084300000| PB 0x0000000084300000| Untracked |  0
|  68|0x0000000084400000, 0x0000000084400000, 0x0000000084500000|  0%| F|  |TAMS 0x0000000084400000| PB 0x0000000084400000| Untracked |  0
|  69|0x0000000084500000, 0x0000000084500000, 0x0000000084600000|  0%| F|  |TAMS 0x0000000084500000| PB 0x0000000084500000| Untracked |  0
|  70|0x0000000084600000, 0x0000000084600000, 0x0000000084700000|  0%| F|  |TAMS 0x0000000084600000| PB 0x0000000084600000| Untracked |  0
|  71|0x0000000084700000, 0x0000000084700000, 0x0000000084800000|  0%| F|  |TAMS 0x0000000084700000| PB 0x0000000084700000| Untracked |  0
|  72|0x0000000084800000, 0x0000000084800000, 0x0000000084900000|  0%| F|  |TAMS 0x0000000084800000| PB 0x0000000084800000| Untracked |  0
|  73|0x0000000084900000, 0x0000000084a00000, 0x0000000084a00000|100%| S|CS|TAMS 0x0000000084900000| PB 0x0000000084900000| Complete |  0
|  74|0x0000000084a00000, 0x0000000084b00000, 0x0000000084b00000|100%| S|CS|TAMS 0x0000000084a00000| PB 0x0000000084a00000| Complete |  0
|  75|0x0000000084b00000, 0x0000000084c00000, 0x0000000084c00000|100%| S|CS|TAMS 0x0000000084b00000| PB 0x0000000084b00000| Complete |  0
|  76|0x0000000084c00000, 0x0000000084c00000, 0x0000000084d00000|  0%| F|  |TAMS 0x0000000084c00000| PB 0x0000000084c00000| Untracked |  0
|  77|0x0000000084d00000, 0x0000000084e00000, 0x0000000084e00000|100%| S|CS|TAMS 0x0000000084d00000| PB 0x0000000084d00000| Complete |  0
|  78|0x0000000084e00000, 0x0000000084f00000, 0x0000000084f00000|100%| O|  |TAMS 0x0000000084e00000| PB 0x0000000084e00000| Untracked |  0
|  79|0x0000000084f00000, 0x0000000085000000, 0x0000000085000000|100%| O|  |TAMS 0x0000000084f00000| PB 0x0000000084f00000| Untracked |  0
|  80|0x0000000085000000, 0x0000000085100000, 0x0000000085100000|100%| S|CS|TAMS 0x0000000085000000| PB 0x0000000085000000| Complete |  0
|  81|0x0000000085100000, 0x0000000085200000, 0x0000000085200000|100%| S|CS|TAMS 0x0000000085100000| PB 0x0000000085100000| Complete |  0
|  82|0x0000000085200000, 0x0000000085300000, 0x0000000085300000|100%| O|Cm|TAMS 0x0000000085200000| PB 0x0000000085200000| Complete |  0
|  83|0x0000000085300000, 0x0000000085300000, 0x0000000085400000|  0%| F|  |TAMS 0x0000000085300000| PB 0x0000000085300000| Untracked |  0
|  84|0x0000000085400000, 0x0000000085400000, 0x0000000085500000|  0%| F|  |TAMS 0x0000000085400000| PB 0x0000000085400000| Untracked |  0
|  85|0x0000000085500000, 0x0000000085600000, 0x0000000085600000|100%| O|  |TAMS 0x0000000085500000| PB 0x0000000085500000| Untracked |  0
|  86|0x0000000085600000, 0x0000000085600000, 0x0000000085700000|  0%| F|  |TAMS 0x0000000085600000| PB 0x0000000085600000| Untracked |  0
|  87|0x0000000085700000, 0x0000000085700000, 0x0000000085800000|  0%| F|  |TAMS 0x0000000085700000| PB 0x0000000085700000| Untracked |  0
|  88|0x0000000085800000, 0x0000000085900000, 0x0000000085900000|100%| O|  |TAMS 0x0000000085800000| PB 0x0000000085800000| Untracked |  0
|  89|0x0000000085900000, 0x0000000085a00000, 0x0000000085a00000|100%| O|  |TAMS 0x0000000085900000| PB 0x0000000085900000| Untracked |  0
|  90|0x0000000085a00000, 0x0000000085b00000, 0x0000000085b00000|100%| O|  |TAMS 0x0000000085a00000| PB 0x0000000085a00000| Untracked |  0
|  91|0x0000000085b00000, 0x0000000085c00000, 0x0000000085c00000|100%| O|  |TAMS 0x0000000085b00000| PB 0x0000000085b00000| Untracked |  0
|  92|0x0000000085c00000, 0x0000000085c00000, 0x0000000085d00000|  0%| F|  |TAMS 0x0000000085c00000| PB 0x0000000085c00000| Untracked |  0
|  93|0x0000000085d00000, 0x0000000085e00000, 0x0000000085e00000|100%|HS|  |TAMS 0x0000000085d00000| PB 0x0000000085d00000| Complete |  0
|  94|0x0000000085e00000, 0x0000000085f00000, 0x0000000085f00000|100%| O|  |TAMS 0x0000000085e00000| PB 0x0000000085e00000| Untracked |  0
|  95|0x0000000085f00000, 0x0000000086000000, 0x0000000086000000|100%| O|  |TAMS 0x0000000085f00000| PB 0x0000000085f00000| Untracked |  0
|  96|0x0000000086000000, 0x0000000086100000, 0x0000000086100000|100%| O|  |TAMS 0x0000000086000000| PB 0x0000000086000000| Untracked |  0
|  97|0x0000000086100000, 0x0000000086100000, 0x0000000086200000|  0%| F|  |TAMS 0x0000000086100000| PB 0x0000000086100000| Untracked |  0
|  98|0x0000000086200000, 0x0000000086200000, 0x0000000086300000|  0%| F|  |TAMS 0x0000000086200000| PB 0x0000000086200000| Untracked |  0
|  99|0x0000000086300000, 0x0000000086400000, 0x0000000086400000|100%| S|CS|TAMS 0x0000000086300000| PB 0x0000000086300000| Complete |  0
| 100|0x0000000086400000, 0x0000000086500000, 0x0000000086500000|100%| S|CS|TAMS 0x0000000086400000| PB 0x0000000086400000| Complete |  0
| 101|0x0000000086500000, 0x0000000086600000, 0x0000000086600000|100%| S|CS|TAMS 0x0000000086500000| PB 0x0000000086500000| Complete |  0
| 102|0x0000000086600000, 0x0000000086700000, 0x0000000086700000|100%| S|CS|TAMS 0x0000000086600000| PB 0x0000000086600000| Complete |  0
| 103|0x0000000086700000, 0x0000000086700000, 0x0000000086800000|  0%| F|  |TAMS 0x0000000086700000| PB 0x0000000086700000| Untracked |  0
| 104|0x0000000086800000, 0x0000000086800000, 0x0000000086900000|  0%| F|  |TAMS 0x0000000086800000| PB 0x0000000086800000| Untracked |  0
| 105|0x0000000086900000, 0x0000000086900000, 0x0000000086a00000|  0%| F|  |TAMS 0x0000000086900000| PB 0x0000000086900000| Untracked |  0
| 106|0x0000000086a00000, 0x0000000086b00000, 0x0000000086b00000|100%| O|  |TAMS 0x0000000086a00000| PB 0x0000000086a00000| Untracked |  0
| 107|0x0000000086b00000, 0x0000000086b00000, 0x0000000086c00000|  0%| F|  |TAMS 0x0000000086b00000| PB 0x0000000086b00000| Untracked |  0
| 108|0x0000000086c00000, 0x0000000086c00000, 0x0000000086d00000|  0%| F|  |TAMS 0x0000000086c00000| PB 0x0000000086c00000| Untracked |  0
| 109|0x0000000086d00000, 0x0000000086d00000, 0x0000000086e00000|  0%| F|  |TAMS 0x0000000086d00000| PB 0x0000000086d00000| Untracked |  0
| 110|0x0000000086e00000, 0x0000000086f00000, 0x0000000086f00000|100%| O|Cm|TAMS 0x0000000086e00000| PB 0x0000000086e00000| Complete |  0
| 111|0x0000000086f00000, 0x0000000086f00000, 0x0000000087000000|  0%| F|  |TAMS 0x0000000086f00000| PB 0x0000000086f00000| Untracked |  0
| 112|0x0000000087000000, 0x0000000087000000, 0x0000000087100000|  0%| F|  |TAMS 0x0000000087000000| PB 0x0000000087000000| Untracked |  0
| 113|0x0000000087100000, 0x0000000087100000, 0x0000000087200000|  0%| F|  |TAMS 0x0000000087100000| PB 0x0000000087100000| Untracked |  0
| 114|0x0000000087200000, 0x0000000087300000, 0x0000000087300000|100%|HS|  |TAMS 0x0000000087200000| PB 0x0000000087200000| Complete |  0
| 115|0x0000000087300000, 0x0000000087400000, 0x0000000087400000|100%|HC|  |TAMS 0x0000000087300000| PB 0x0000000087300000| Complete |  0
| 116|0x0000000087400000, 0x0000000087500000, 0x0000000087500000|100%|HS|  |TAMS 0x0000000087400000| PB 0x0000000087400000| Complete |  0
| 117|0x0000000087500000, 0x0000000087600000, 0x0000000087600000|100%|HS|  |TAMS 0x0000000087500000| PB 0x0000000087500000| Complete |  0
| 118|0x0000000087600000, 0x0000000087700000, 0x0000000087700000|100%| O|Cm|TAMS 0x0000000087600000| PB 0x0000000087600000| Complete |  0
| 119|0x0000000087700000, 0x0000000087800000, 0x0000000087800000|100%|HS|  |TAMS 0x0000000087700000| PB 0x0000000087700000| Complete |  0
| 120|0x0000000087800000, 0x0000000087900000, 0x0000000087900000|100%|HS|  |TAMS 0x0000000087800000| PB 0x0000000087800000| Complete |  0
| 121|0x0000000087900000, 0x0000000087a00000, 0x0000000087a00000|100%|HS|  |TAMS 0x0000000087900000| PB 0x0000000087900000| Complete |  0
| 122|0x0000000087a00000, 0x0000000087b00000, 0x0000000087b00000|100%| O|  |TAMS 0x0000000087a00000| PB 0x0000000087a00000| Untracked |  0
| 123|0x0000000087b00000, 0x0000000087c00000, 0x0000000087c00000|100%| O|  |TAMS 0x0000000087b00000| PB 0x0000000087b00000| Untracked |  0
| 124|0x0000000087c00000, 0x0000000087c00000, 0x0000000087d00000|  0%| F|  |TAMS 0x0000000087c00000| PB 0x0000000087c00000| Untracked |  0
| 125|0x0000000087d00000, 0x0000000087e00000, 0x0000000087e00000|100%| O|  |TAMS 0x0000000087d00000| PB 0x0000000087d00000| Untracked |  0
| 126|0x0000000087e00000, 0x0000000087f00000, 0x0000000087f00000|100%| O|  |TAMS 0x0000000087e00000| PB 0x0000000087e00000| Untracked |  0
| 127|0x0000000087f00000, 0x0000000088000000, 0x0000000088000000|100%| O|  |TAMS 0x0000000087f00000| PB 0x0000000087f00000| Untracked |  0
| 128|0x0000000088000000, 0x0000000088100000, 0x0000000088100000|100%| O|  |TAMS 0x0000000088000000| PB 0x0000000088000000| Untracked |  0
| 129|0x0000000088100000, 0x0000000088200000, 0x0000000088200000|100%| O|  |TAMS 0x0000000088100000| PB 0x0000000088100000| Untracked |  0
| 130|0x0000000088200000, 0x0000000088300000, 0x0000000088300000|100%| O|Cm|TAMS 0x0000000088200000| PB 0x0000000088200000| Complete |  0
| 131|0x0000000088300000, 0x0000000088300000, 0x0000000088400000|  0%| F|  |TAMS 0x0000000088300000| PB 0x0000000088300000| Untracked |  0
| 132|0x0000000088400000, 0x0000000088500000, 0x0000000088500000|100%| O|  |TAMS 0x0000000088400000| PB 0x0000000088400000| Untracked |  0
| 133|0x0000000088500000, 0x0000000088600000, 0x0000000088600000|100%|HS|  |TAMS 0x0000000088500000| PB 0x0000000088500000| Complete |  0
| 134|0x0000000088600000, 0x0000000088700000, 0x0000000088700000|100%|HC|  |TAMS 0x0000000088600000| PB 0x0000000088600000| Complete |  0
| 135|0x0000000088700000, 0x0000000088700000, 0x0000000088800000|  0%| F|  |TAMS 0x0000000088700000| PB 0x0000000088700000| Untracked |  0
| 136|0x0000000088800000, 0x0000000088800000, 0x0000000088900000|  0%| F|  |TAMS 0x0000000088800000| PB 0x0000000088800000| Untracked |  0
| 137|0x0000000088900000, 0x0000000088900000, 0x0000000088a00000|  0%| F|  |TAMS 0x0000000088900000| PB 0x0000000088900000| Untracked |  0
| 138|0x0000000088a00000, 0x0000000088a00000, 0x0000000088b00000|  0%| F|  |TAMS 0x0000000088a00000| PB 0x0000000088a00000| Untracked |  0
| 139|0x0000000088b00000, 0x0000000088b00000, 0x0000000088c00000|  0%| F|  |TAMS 0x0000000088b00000| PB 0x0000000088b00000| Untracked |  0
| 140|0x0000000088c00000, 0x0000000088c00000, 0x0000000088d00000|  0%| F|  |TAMS 0x0000000088c00000| PB 0x0000000088c00000| Untracked |  0
| 141|0x0000000088d00000, 0x0000000088d00000, 0x0000000088e00000|  0%| F|  |TAMS 0x0000000088d00000| PB 0x0000000088d00000| Untracked |  0
| 142|0x0000000088e00000, 0x0000000088e00000, 0x0000000088f00000|  0%| F|  |TAMS 0x0000000088e00000| PB 0x0000000088e00000| Untracked |  0
| 143|0x0000000088f00000, 0x0000000088f00000, 0x0000000089000000|  0%| F|  |TAMS 0x0000000088f00000| PB 0x0000000088f00000| Untracked |  0
| 144|0x0000000089000000, 0x0000000089000000, 0x0000000089100000|  0%| F|  |TAMS 0x0000000089000000| PB 0x0000000089000000| Untracked |  0
| 145|0x0000000089100000, 0x0000000089100000, 0x0000000089200000|  0%| F|  |TAMS 0x0000000089100000| PB 0x0000000089100000| Untracked |  0
| 146|0x0000000089200000, 0x0000000089200000, 0x0000000089300000|  0%| F|  |TAMS 0x0000000089200000| PB 0x0000000089200000| Untracked |  0
| 147|0x0000000089300000, 0x0000000089300000, 0x0000000089400000|  0%| F|  |TAMS 0x0000000089300000| PB 0x0000000089300000| Untracked |  0
| 148|0x0000000089400000, 0x0000000089400000, 0x0000000089500000|  0%| F|  |TAMS 0x0000000089400000| PB 0x0000000089400000| Untracked |  0
| 149|0x0000000089500000, 0x0000000089500000, 0x0000000089600000|  0%| F|  |TAMS 0x0000000089500000| PB 0x0000000089500000| Untracked |  0
| 150|0x0000000089600000, 0x0000000089600000, 0x0000000089700000|  0%| F|  |TAMS 0x0000000089600000| PB 0x0000000089600000| Untracked |  0
| 151|0x0000000089700000, 0x0000000089700000, 0x0000000089800000|  0%| F|  |TAMS 0x0000000089700000| PB 0x0000000089700000| Untracked |  0
| 152|0x0000000089800000, 0x0000000089800000, 0x0000000089900000|  0%| F|  |TAMS 0x0000000089800000| PB 0x0000000089800000| Untracked |  0
| 153|0x0000000089900000, 0x0000000089900000, 0x0000000089a00000|  0%| F|  |TAMS 0x0000000089900000| PB 0x0000000089900000| Untracked |  0
| 154|0x0000000089a00000, 0x0000000089a00000, 0x0000000089b00000|  0%| F|  |TAMS 0x0000000089a00000| PB 0x0000000089a00000| Untracked |  0
| 155|0x0000000089b00000, 0x0000000089b00000, 0x0000000089c00000|  0%| F|  |TAMS 0x0000000089b00000| PB 0x0000000089b00000| Untracked |  0
| 156|0x0000000089c00000, 0x0000000089c00000, 0x0000000089d00000|  0%| F|  |TAMS 0x0000000089c00000| PB 0x0000000089c00000| Untracked |  0
| 157|0x0000000089d00000, 0x0000000089d00000, 0x0000000089e00000|  0%| F|  |TAMS 0x0000000089d00000| PB 0x0000000089d00000| Untracked |  0
| 158|0x0000000089e00000, 0x0000000089e00000, 0x0000000089f00000|  0%| F|  |TAMS 0x0000000089e00000| PB 0x0000000089e00000| Untracked |  0
| 159|0x0000000089f00000, 0x0000000089f00000, 0x000000008a000000|  0%| F|  |TAMS 0x0000000089f00000| PB 0x0000000089f00000| Untracked |  0
| 160|0x000000008a000000, 0x000000008a000000, 0x000000008a100000|  0%| F|  |TAMS 0x000000008a000000| PB 0x000000008a000000| Untracked |  0
| 161|0x000000008a100000, 0x000000008a100000, 0x000000008a200000|  0%| F|  |TAMS 0x000000008a100000| PB 0x000000008a100000| Untracked |  0
| 162|0x000000008a200000, 0x000000008a200000, 0x000000008a300000|  0%| F|  |TAMS 0x000000008a200000| PB 0x000000008a200000| Untracked |  0
| 163|0x000000008a300000, 0x000000008a300000, 0x000000008a400000|  0%| F|  |TAMS 0x000000008a300000| PB 0x000000008a300000| Untracked |  0
| 164|0x000000008a400000, 0x000000008a400000, 0x000000008a500000|  0%| F|  |TAMS 0x000000008a400000| PB 0x000000008a400000| Untracked |  0
| 165|0x000000008a500000, 0x000000008a500000, 0x000000008a600000|  0%| F|  |TAMS 0x000000008a500000| PB 0x000000008a500000| Untracked |  0
| 166|0x000000008a600000, 0x000000008a600000, 0x000000008a700000|  0%| F|  |TAMS 0x000000008a600000| PB 0x000000008a600000| Untracked |  0
| 167|0x000000008a700000, 0x000000008a700000, 0x000000008a800000|  0%| F|  |TAMS 0x000000008a700000| PB 0x000000008a700000| Untracked |  0
| 168|0x000000008a800000, 0x000000008a800000, 0x000000008a900000|  0%| F|  |TAMS 0x000000008a800000| PB 0x000000008a800000| Untracked |  0
| 169|0x000000008a900000, 0x000000008a900000, 0x000000008aa00000|  0%| F|  |TAMS 0x000000008a900000| PB 0x000000008a900000| Untracked |  0
| 170|0x000000008aa00000, 0x000000008aa00000, 0x000000008ab00000|  0%| F|  |TAMS 0x000000008aa00000| PB 0x000000008aa00000| Untracked |  0
| 171|0x000000008ab00000, 0x000000008ab00000, 0x000000008ac00000|  0%| F|  |TAMS 0x000000008ab00000| PB 0x000000008ab00000| Untracked |  0
| 172|0x000000008ac00000, 0x000000008ac00000, 0x000000008ad00000|  0%| F|  |TAMS 0x000000008ac00000| PB 0x000000008ac00000| Untracked |  0
| 173|0x000000008ad00000, 0x000000008ad00000, 0x000000008ae00000|  0%| F|  |TAMS 0x000000008ad00000| PB 0x000000008ad00000| Untracked |  0
| 174|0x000000008ae00000, 0x000000008ae00000, 0x000000008af00000|  0%| F|  |TAMS 0x000000008ae00000| PB 0x000000008ae00000| Untracked |  0
| 175|0x000000008af00000, 0x000000008af00000, 0x000000008b000000|  0%| F|  |TAMS 0x000000008af00000| PB 0x000000008af00000| Untracked |  0
| 176|0x000000008b000000, 0x000000008b100000, 0x000000008b100000|100%| E|  |TAMS 0x000000008b000000| PB 0x000000008b000000| Complete |  0
| 177|0x000000008b100000, 0x000000008b200000, 0x000000008b200000|100%| E|CS|TAMS 0x000000008b100000| PB 0x000000008b100000| Complete |  0
| 178|0x000000008b200000, 0x000000008b300000, 0x000000008b300000|100%| E|CS|TAMS 0x000000008b200000| PB 0x000000008b200000| Complete |  0
| 179|0x000000008b300000, 0x000000008b400000, 0x000000008b400000|100%| E|CS|TAMS 0x000000008b300000| PB 0x000000008b300000| Complete |  0
| 180|0x000000008b400000, 0x000000008b500000, 0x000000008b500000|100%| E|CS|TAMS 0x000000008b400000| PB 0x000000008b400000| Complete |  0
| 181|0x000000008b500000, 0x000000008b600000, 0x000000008b600000|100%| E|CS|TAMS 0x000000008b500000| PB 0x000000008b500000| Complete |  0
| 182|0x000000008b600000, 0x000000008b700000, 0x000000008b700000|100%| E|CS|TAMS 0x000000008b600000| PB 0x000000008b600000| Complete |  0
| 183|0x000000008b700000, 0x000000008b800000, 0x000000008b800000|100%| E|CS|TAMS 0x000000008b700000| PB 0x000000008b700000| Complete |  0
| 184|0x000000008b800000, 0x000000008b900000, 0x000000008b900000|100%| E|CS|TAMS 0x000000008b800000| PB 0x000000008b800000| Complete |  0
| 185|0x000000008b900000, 0x000000008ba00000, 0x000000008ba00000|100%| E|CS|TAMS 0x000000008b900000| PB 0x000000008b900000| Complete |  0
| 186|0x000000008ba00000, 0x000000008bb00000, 0x000000008bb00000|100%| E|CS|TAMS 0x000000008ba00000| PB 0x000000008ba00000| Complete |  0
| 187|0x000000008bb00000, 0x000000008bc00000, 0x000000008bc00000|100%| E|CS|TAMS 0x000000008bb00000| PB 0x000000008bb00000| Complete |  0
| 188|0x000000008bc00000, 0x000000008bd00000, 0x000000008bd00000|100%| E|CS|TAMS 0x000000008bc00000| PB 0x000000008bc00000| Complete |  0
| 189|0x000000008bd00000, 0x000000008be00000, 0x000000008be00000|100%| E|CS|TAMS 0x000000008bd00000| PB 0x000000008bd00000| Complete |  0
| 190|0x000000008be00000, 0x000000008bf00000, 0x000000008bf00000|100%| E|CS|TAMS 0x000000008be00000| PB 0x000000008be00000| Complete |  0
| 191|0x000000008bf00000, 0x000000008c000000, 0x000000008c000000|100%| E|CS|TAMS 0x000000008bf00000| PB 0x000000008bf00000| Complete |  0
| 192|0x000000008c000000, 0x000000008c100000, 0x000000008c100000|100%| E|CS|TAMS 0x000000008c000000| PB 0x000000008c000000| Complete |  0
| 193|0x000000008c100000, 0x000000008c200000, 0x000000008c200000|100%| E|CS|TAMS 0x000000008c100000| PB 0x000000008c100000| Complete |  0
| 194|0x000000008c200000, 0x000000008c300000, 0x000000008c300000|100%| E|CS|TAMS 0x000000008c200000| PB 0x000000008c200000| Complete |  0
| 195|0x000000008c300000, 0x000000008c400000, 0x000000008c400000|100%| E|CS|TAMS 0x000000008c300000| PB 0x000000008c300000| Complete |  0
| 196|0x000000008c400000, 0x000000008c500000, 0x000000008c500000|100%| E|CS|TAMS 0x000000008c400000| PB 0x000000008c400000| Complete |  0
| 197|0x000000008c500000, 0x000000008c600000, 0x000000008c600000|100%| E|CS|TAMS 0x000000008c500000| PB 0x000000008c500000| Complete |  0
| 198|0x000000008c600000, 0x000000008c700000, 0x000000008c700000|100%| E|CS|TAMS 0x000000008c600000| PB 0x000000008c600000| Complete |  0
| 199|0x000000008c700000, 0x000000008c800000, 0x000000008c800000|100%| E|CS|TAMS 0x000000008c700000| PB 0x000000008c700000| Complete |  0
| 200|0x000000008c800000, 0x000000008c900000, 0x000000008c900000|100%| E|CS|TAMS 0x000000008c800000| PB 0x000000008c800000| Complete |  0
| 201|0x000000008c900000, 0x000000008ca00000, 0x000000008ca00000|100%| E|CS|TAMS 0x000000008c900000| PB 0x000000008c900000| Complete |  0
| 202|0x000000008ca00000, 0x000000008cb00000, 0x000000008cb00000|100%| E|CS|TAMS 0x000000008ca00000| PB 0x000000008ca00000| Complete |  0
| 255|0x000000008ff00000, 0x0000000090000000, 0x0000000090000000|100%| E|CS|TAMS 0x000000008ff00000| PB 0x000000008ff00000| Complete |  0
|2038|0x00000000ff600000, 0x00000000ff700000, 0x00000000ff700000|100%| E|CS|TAMS 0x00000000ff600000| PB 0x00000000ff600000| Complete |  0
|2039|0x00000000ff700000, 0x00000000ff800000, 0x00000000ff800000|100%| E|CS|TAMS 0x00000000ff700000| PB 0x00000000ff700000| Complete |  0
|2040|0x00000000ff800000, 0x00000000ff900000, 0x00000000ff900000|100%| E|CS|TAMS 0x00000000ff800000| PB 0x00000000ff800000| Complete |  0
|2041|0x00000000ff900000, 0x00000000ffa00000, 0x00000000ffa00000|100%| E|CS|TAMS 0x00000000ff900000| PB 0x00000000ff900000| Complete |  0
|2042|0x00000000ffa00000, 0x00000000ffb00000, 0x00000000ffb00000|100%| E|CS|TAMS 0x00000000ffa00000| PB 0x00000000ffa00000| Complete |  0
|2043|0x00000000ffb00000, 0x00000000ffc00000, 0x00000000ffc00000|100%| E|CS|TAMS 0x00000000ffb00000| PB 0x00000000ffb00000| Complete |  0
|2044|0x00000000ffc00000, 0x00000000ffd00000, 0x00000000ffd00000|100%| E|CS|TAMS 0x00000000ffc00000| PB 0x00000000ffc00000| Complete |  0
|2045|0x00000000ffd00000, 0x00000000ffe00000, 0x00000000ffe00000|100%| O|Cm|TAMS 0x00000000ffd00000| PB 0x00000000ffd00000| Complete |  0
|2046|0x00000000ffe00000, 0x00000000fff00000, 0x00000000fff00000|100%| E|CS|TAMS 0x00000000ffe00000| PB 0x00000000ffe00000| Complete |  0
|2047|0x00000000fff00000, 0x0000000100000000, 0x0000000100000000|100%| O|  |TAMS 0x00000000fff00000| PB 0x00000000fff00000| Untracked |  0

Card table byte_map: [0x0000022164ad0000,0x0000022164ed0000] _byte_map_base: 0x00000221646d0000

Marking Bits: (CMBitMap*) 0x000002214fffe050
 Bits: [0x0000022164ed0000, 0x0000022166ed0000)

Polling page: 0x0000022150080000

Metaspace:
Metaspace        used 154655K, committed 156736K, reserved 1245184K
 class space     used 21389K, committed 22336K, reserved 1048576K

Usage:
  Non-class:    130.14 MB used.
      Class:     20.89 MB used.
       Both:    151.03 MB used.

Virtual space:
  Non-class space:      192.00 MB reserved,     131.25 MB ( 68%) committed,  3 nodes.
      Class space:        1.00 GB reserved,      21.81 MB (  2%) committed,  1 nodes.
             Both:        1.19 GB reserved,     153.06 MB ( 13%) committed. 

Chunk freelists:
   Non-Class:  12.47 MB
       Class:  10.10 MB
        Both:  22.57 MB

MaxMetaspaceSize: unlimited
CompressedClassSpaceSize: 1.00 GB
Initial GC threshold: 21.00 MB
Current GC threshold: 237.12 MB
CDS: off
 - commit_granule_bytes: 65536.
 - commit_granule_words: 8192.
 - virtual_space_node_default_size: 8388608.
 - enlarge_chunks_in_place: 1.
UseCompressedClassPointers 1, UseCompactObjectHeaders 0
Narrow klass pointer bits 32, Max shift 3
Narrow klass base: 0x0000000000000000, Narrow klass shift: 0
Encoding Range: [0x0000000000000000 - 0x0000000100000000), (4294967296 bytes)
Klass Range:    [0x0000000029000000 - 0x0000000069000000), (1073741824 bytes)
Klass ID Range:  [687865856 - 1761607673) (1073741817)
No protection zone.


Internal statistics:

num_allocs_failed_limit: 6.
num_arena_births: 3982.
num_arena_deaths: 0.
num_vsnodes_births: 4.
num_vsnodes_deaths: 0.
num_space_committed: 2449.
num_space_uncommitted: 0.
num_chunks_returned_to_freelist: 6.
num_chunks_taken_from_freelist: 9836.
num_chunk_merges: 3.
num_chunk_splits: 7003.
num_chunks_enlarged: 5060.
num_inconsistent_stats: 0.

CodeHeap 'non-profiled nmethods': size=120064Kb used=5321Kb max_used=5321Kb free=114742Kb
 bounds [0x000002215d190000, 0x000002215d6d0000, 0x00000221646d0000]
CodeHeap 'profiled nmethods': size=120000Kb used=16452Kb max_used=16452Kb free=103547Kb
 bounds [0x00000221556d0000, 0x00000221566f0000, 0x000002215cc00000]
CodeHeap 'non-nmethods': size=5696Kb used=2286Kb max_used=2338Kb free=3409Kb
 bounds [0x000002215cc00000, 0x000002215ce70000, 0x000002215d190000]
CodeCache: size=245760Kb, used=24059Kb, max_used=24111Kb, free=221698Kb
 total_blobs=12346, nmethods=11207, adapters=1040, full_count=0
Compilation: enabled, stopped_count=0, restarted_count=0

Compilation events (20 events):
Event: 52.885 Thread 0x0000022169662090 13161   !   3       java.nio.file.FileTreeWalker::getAttributes (94 bytes)
Event: 52.885 Thread 0x0000022169662090 nmethod 13161 0x00000221566c7608 code [0x00000221566c7700, 0x00000221566c8648]
Event: 52.891 Thread 0x00000221694bf500 nmethod 13158 0x000002215d6bff08 code [0x000002215d6c0000, 0x000002215d6c07f8]
Event: 52.891 Thread 0x00000221694bf500 13162   !   4       java.nio.file.FileTreeWalker::next (131 bytes)
Event: 52.894 Thread 0x0000022169662090 13163       3       org.gradle.internal.snapshot.impl.FilteredTrackingMerkleDirectorySnapshotBuilder::visitLeafElement (11 bytes)
Event: 52.894 Thread 0x0000022169662090 nmethod 13163 0x00000221566c8688 code [0x00000221566c8780, 0x00000221566c8948]
Event: 52.895 Thread 0x0000022169662090 13164   !   3       org.gradle.internal.snapshot.impl.DirectorySnapshotter$PathVisitor::doVisitFile (194 bytes)
Event: 52.896 Thread 0x0000022169662090 nmethod 13164 0x00000221566c8988 code [0x00000221566c8a80, 0x00000221566cacb8]
Event: 52.896 Thread 0x0000022169662090 13165       3       org.gradle.internal.snapshot.impl.DirectorySnapshotter$PathVisitor::visitResolvedFile (44 bytes)
Event: 52.896 Thread 0x0000022169662090 nmethod 13165 0x00000221566cad08 code [0x00000221566cae00, 0x00000221566cb4f8]
Event: 52.897 Thread 0x0000022169662090 13166       3       org.gradle.internal.snapshot.impl.DirectorySnapshotter$PathVisitor::snapshotFile (212 bytes)
Event: 52.899 Thread 0x0000022169662090 nmethod 13166 0x00000221566cb508 code [0x00000221566cb600, 0x00000221566ce148]
Event: 52.983 Thread 0x0000022169662090 13170       3       kotlin.text.StringsKt__StringsJVMKt::regionMatches (42 bytes)
Event: 52.984 Thread 0x0000022169662090 nmethod 13170 0x00000221566ce188 code [0x00000221566ce280, 0x00000221566ceed0]
Event: 52.985 Thread 0x0000022169662090 13171       3       org.gradle.kotlin.dsl.normalization.KotlinCompileClasspathFingerprinter$fingerprint$1::visitEntry (104 bytes)
Event: 52.986 Thread 0x0000022169662090 nmethod 13171 0x00000221566cef08 code [0x00000221566cf000, 0x00000221566d0300]
Event: 52.986 Thread 0x0000022169662090 13172       3       org.gradle.kotlin.dsl.normalization.KotlinDslCompileAvoidanceClasspathHashCache$sam$java_util_function_Supplier$0::<init> (16 bytes)
Event: 52.986 Thread 0x0000022169662090 nmethod 13172 0x00000221566d0388 code [0x00000221566d0480, 0x00000221566d0b00]
Event: 52.987 Thread 0x0000022169662090 13173       3       org.gradle.cache.internal.InMemoryDecoratedCache$$Lambda/0x0000000029852ca0::<init> (38 bytes)
Event: 52.987 Thread 0x0000022169662090 nmethod 13173 0x00000221566d0b88 code [0x00000221566d0c80, 0x00000221566d0fc0]

GC Heap Usage History (20 events):
Event: 39.379 {heap Before GC invocations=49 (full 0):
 garbage-first heap   total reserved 2097152K, committed 176128K, used 157263K [0x0000000080000000, 0x0000000100000000)
  region size 1024K, 53 young (54272K), 6 survivors (6144K)
}
Event: 39.390 {heap After GC invocations=50 (full 0):
 garbage-first heap   total reserved 2097152K, committed 176128K, used 110363K [0x0000000080000000, 0x0000000100000000)
  region size 1024K, 6 young (6144K), 6 survivors (6144K)
}
Event: 39.420 {heap Before GC invocations=50 (full 0):
 garbage-first heap   total reserved 2097152K, committed 176128K, used 110363K [0x0000000080000000, 0x0000000100000000)
  region size 1024K, 7 young (7168K), 6 survivors (6144K)
}
Event: 39.427 {heap After GC invocations=51 (full 0):
 garbage-first heap   total reserved 2097152K, committed 176128K, used 111038K [0x0000000080000000, 0x0000000100000000)
  region size 1024K, 3 young (3072K), 3 survivors (3072K)
}
Event: 40.395 {heap Before GC invocations=52 (full 0):
 garbage-first heap   total reserved 2097152K, committed 188416K, used 154046K [0x0000000080000000, 0x0000000100000000)
  region size 1024K, 44 young (45056K), 3 survivors (3072K)
}
Event: 40.405 {heap After GC invocations=53 (full 0):
 garbage-first heap   total reserved 2097152K, committed 188416K, used 121737K [0x0000000080000000, 0x0000000100000000)
  region size 1024K, 6 young (6144K), 6 survivors (6144K)
}
Event: 41.843 {heap Before GC invocations=53 (full 0):
 garbage-first heap   total reserved 2097152K, committed 188416K, used 163721K [0x0000000080000000, 0x0000000100000000)
  region size 1024K, 47 young (48128K), 6 survivors (6144K)
}
Event: 41.852 {heap After GC invocations=54 (full 0):
 garbage-first heap   total reserved 2097152K, committed 188416K, used 123688K [0x0000000080000000, 0x0000000100000000)
  region size 1024K, 3 young (3072K), 3 survivors (3072K)
}
Event: 42.242 {heap Before GC invocations=54 (full 0):
 garbage-first heap   total reserved 2097152K, committed 188416K, used 134952K [0x0000000080000000, 0x0000000100000000)
  region size 1024K, 15 young (15360K), 3 survivors (3072K)
}
Event: 42.246 {heap After GC invocations=55 (full 0):
 garbage-first heap   total reserved 2097152K, committed 188416K, used 123904K [0x0000000080000000, 0x0000000100000000)
  region size 1024K, 3 young (3072K), 3 survivors (3072K)
}
Event: 43.863 {heap Before GC invocations=56 (full 0):
 garbage-first heap   total reserved 2097152K, committed 219136K, used 180224K [0x0000000080000000, 0x0000000100000000)
  region size 1024K, 48 young (49152K), 3 survivors (3072K)
}
Event: 43.869 {heap After GC invocations=57 (full 0):
 garbage-first heap   total reserved 2097152K, committed 219136K, used 139910K [0x0000000080000000, 0x0000000100000000)
  region size 1024K, 6 young (6144K), 6 survivors (6144K)
}
Event: 45.909 {heap Before GC invocations=57 (full 0):
 garbage-first heap   total reserved 2097152K, committed 219136K, used 194182K [0x0000000080000000, 0x0000000100000000)
  region size 1024K, 59 young (60416K), 6 survivors (6144K)
}
Event: 45.919 {heap After GC invocations=58 (full 0):
 garbage-first heap   total reserved 2097152K, committed 219136K, used 140916K [0x0000000080000000, 0x0000000100000000)
  region size 1024K, 2 young (2048K), 2 survivors (2048K)
}
Event: 46.063 {heap Before GC invocations=58 (full 0):
 garbage-first heap   total reserved 2097152K, committed 219136K, used 142964K [0x0000000080000000, 0x0000000100000000)
  region size 1024K, 5 young (5120K), 2 survivors (2048K)
}
Event: 46.067 {heap After GC invocations=59 (full 0):
 garbage-first heap   total reserved 2097152K, committed 219136K, used 140783K [0x0000000080000000, 0x0000000100000000)
  region size 1024K, 2 young (2048K), 2 survivors (2048K)
}
Event: 48.483 {heap Before GC invocations=60 (full 0):
 garbage-first heap   total reserved 2097152K, committed 219136K, used 169455K [0x0000000080000000, 0x0000000100000000)
  region size 1024K, 59 young (60416K), 2 survivors (2048K)
}
Event: 48.493 {heap After GC invocations=61 (full 0):
 garbage-first heap   total reserved 2097152K, committed 219136K, used 113432K [0x0000000080000000, 0x0000000100000000)
  region size 1024K, 4 young (4096K), 4 survivors (4096K)
}
Event: 51.745 {heap Before GC invocations=61 (full 0):
 garbage-first heap   total reserved 2097152K, committed 219136K, used 196376K [0x0000000080000000, 0x0000000100000000)
  region size 1024K, 80 young (81920K), 4 survivors (4096K)
}
Event: 51.762 {heap After GC invocations=62 (full 0):
 garbage-first heap   total reserved 2097152K, committed 219136K, used 101183K [0x0000000080000000, 0x0000000100000000)
  region size 1024K, 10 young (10240K), 10 survivors (10240K)
}

Metaspace Usage History (20 events):
Event: 39.379 {metaspace Before GC invocations=49 (full 0):
 Metaspace       used 126142K, committed 128000K, reserved 1179648K
  class space    used 17463K, committed 18304K, reserved 1048576K
}
Event: 39.390 {metaspace After GC invocations=50 (full 0):
 Metaspace       used 126142K, committed 128000K, reserved 1179648K
  class space    used 17463K, committed 18304K, reserved 1048576K
}
Event: 39.420 {metaspace Before GC invocations=50 (full 0):
 Metaspace       used 126145K, committed 128000K, reserved 1179648K
  class space    used 17463K, committed 18304K, reserved 1048576K
}
Event: 39.427 {metaspace After GC invocations=51 (full 0):
 Metaspace       used 126145K, committed 128000K, reserved 1179648K
  class space    used 17463K, committed 18304K, reserved 1048576K
}
Event: 40.395 {metaspace Before GC invocations=52 (full 0):
 Metaspace       used 128111K, committed 129984K, reserved 1179648K
  class space    used 17762K, committed 18624K, reserved 1048576K
}
Event: 40.405 {metaspace After GC invocations=53 (full 0):
 Metaspace       used 128111K, committed 129984K, reserved 1179648K
  class space    used 17762K, committed 18624K, reserved 1048576K
}
Event: 41.843 {metaspace Before GC invocations=53 (full 0):
 Metaspace       used 133990K, committed 135872K, reserved 1179648K
  class space    used 18514K, committed 19392K, reserved 1048576K
}
Event: 41.852 {metaspace After GC invocations=54 (full 0):
 Metaspace       used 133990K, committed 135872K, reserved 1179648K
  class space    used 18514K, committed 19392K, reserved 1048576K
}
Event: 42.242 {metaspace Before GC invocations=54 (full 0):
 Metaspace       used 135302K, committed 137216K, reserved 1179648K
  class space    used 18692K, committed 19584K, reserved 1048576K
}
Event: 42.246 {metaspace After GC invocations=55 (full 0):
 Metaspace       used 135302K, committed 137216K, reserved 1179648K
  class space    used 18692K, committed 19584K, reserved 1048576K
}
Event: 43.863 {metaspace Before GC invocations=56 (full 0):
 Metaspace       used 138102K, committed 140096K, reserved 1179648K
  class space    used 19088K, committed 19968K, reserved 1048576K
}
Event: 43.869 {metaspace After GC invocations=57 (full 0):
 Metaspace       used 138102K, committed 140096K, reserved 1179648K
  class space    used 19088K, committed 19968K, reserved 1048576K
}
Event: 45.909 {metaspace Before GC invocations=57 (full 0):
 Metaspace       used 143298K, committed 145344K, reserved 1179648K
  class space    used 19761K, committed 20736K, reserved 1048576K
}
Event: 45.919 {metaspace After GC invocations=58 (full 0):
 Metaspace       used 143298K, committed 145344K, reserved 1179648K
  class space    used 19761K, committed 20736K, reserved 1048576K
}
Event: 46.063 {metaspace Before GC invocations=58 (full 0):
 Metaspace       used 143485K, committed 145600K, reserved 1179648K
  class space    used 19798K, committed 20800K, reserved 1048576K
}
Event: 46.067 {metaspace After GC invocations=59 (full 0):
 Metaspace       used 143485K, committed 145600K, reserved 1179648K
  class space    used 19798K, committed 20800K, reserved 1048576K
}
Event: 48.483 {metaspace Before GC invocations=60 (full 0):
 Metaspace       used 148447K, committed 150464K, reserved 1179648K
  class space    used 20543K, committed 21504K, reserved 1048576K
}
Event: 48.493 {metaspace After GC invocations=61 (full 0):
 Metaspace       used 148447K, committed 150464K, reserved 1179648K
  class space    used 20543K, committed 21504K, reserved 1048576K
}
Event: 51.745 {metaspace Before GC invocations=61 (full 0):
 Metaspace       used 153505K, committed 155520K, reserved 1245184K
  class space    used 21238K, committed 22144K, reserved 1048576K
}
Event: 51.762 {metaspace After GC invocations=62 (full 0):
 Metaspace       used 153505K, committed 155520K, reserved 1245184K
  class space    used 21238K, committed 22144K, reserved 1048576K
}

Dll operation events (3 events):
Event: 0.021 Loaded shared library C:\Program Files\Android\Android Studio\jbr\bin\java.dll
Event: 0.035 Loaded shared library C:\Program Files\Android\Android Studio\jbr\bin\zip.dll
Event: 1.401 Loaded shared library C:\Program Files\Android\Android Studio\jbr\bin\verify.dll

Deoptimization events (20 events):
Event: 52.598 Thread 0x000002216f5fb5a0 Uncommon trap: trap_request=0xffffffc6 fr.pc=0x000002215d3800e8 relative=0x00000000000000e8
Event: 52.598 Thread 0x000002216f5fb5a0 Uncommon trap: reason=bimorphic_or_optimized_type_check action=maybe_recompile pc=0x000002215d3800e8 method=com.google.common.collect.AbstractIndexedListIterator.next()Ljava/lang/Object; @ 27 c2
Event: 52.598 Thread 0x000002216f5fb5a0 DEOPT PACKING pc=0x000002215d3800e8 sp=0x0000004aeb0f8580
Event: 52.598 Thread 0x000002216f5fb5a0 DEOPT UNPACKING pc=0x000002215cc84602 sp=0x0000004aeb0f8510 mode 2
Event: 52.598 Thread 0x000002216f5fb5a0 Uncommon trap: trap_request=0xffffffc6 fr.pc=0x000002215d3800e8 relative=0x00000000000000e8
Event: 52.598 Thread 0x000002216f5fb5a0 Uncommon trap: reason=bimorphic_or_optimized_type_check action=maybe_recompile pc=0x000002215d3800e8 method=com.google.common.collect.AbstractIndexedListIterator.next()Ljava/lang/Object; @ 27 c2
Event: 52.598 Thread 0x000002216f5fb5a0 DEOPT PACKING pc=0x000002215d3800e8 sp=0x0000004aeb0f8580
Event: 52.598 Thread 0x000002216f5fb5a0 DEOPT UNPACKING pc=0x000002215cc84602 sp=0x0000004aeb0f8510 mode 2
Event: 52.766 Thread 0x000002216f5fb5a0 Uncommon trap: trap_request=0xffffffbe fr.pc=0x000002215d68fdbc relative=0x00000000000014bc
Event: 52.766 Thread 0x000002216f5fb5a0 Uncommon trap: reason=profile_predicate action=maybe_recompile pc=0x000002215d68fdbc method=java.util.TimSort.reverseRange([Ljava/lang/Object;II)V @ 5 c2
Event: 52.766 Thread 0x000002216f5fb5a0 DEOPT PACKING pc=0x000002215d68fdbc sp=0x0000004aeb0f8350
Event: 52.766 Thread 0x000002216f5fb5a0 DEOPT UNPACKING pc=0x000002215cc84602 sp=0x0000004aeb0f8200 mode 2
Event: 52.766 Thread 0x000002216f5fb5a0 Uncommon trap: trap_request=0xffffffde fr.pc=0x000002215d467648 relative=0x0000000000000548
Event: 52.766 Thread 0x000002216f5fb5a0 Uncommon trap: reason=class_check action=maybe_recompile pc=0x000002215d467648 method=java.util.Collections.indexedBinarySearch(Ljava/util/List;Ljava/lang/Object;Ljava/util/Comparator;)I @ 3 c2
Event: 52.766 Thread 0x000002216f5fb5a0 DEOPT PACKING pc=0x000002215d467648 sp=0x0000004aeb0f8730
Event: 52.766 Thread 0x000002216f5fb5a0 DEOPT UNPACKING pc=0x000002215cc84602 sp=0x0000004aeb0f85a8 mode 2
Event: 52.979 Thread 0x000002216f5fb5a0 Uncommon trap: trap_request=0xffffffbe fr.pc=0x000002215d68fdbc relative=0x00000000000014bc
Event: 52.979 Thread 0x000002216f5fb5a0 Uncommon trap: reason=profile_predicate action=maybe_recompile pc=0x000002215d68fdbc method=java.util.TimSort.reverseRange([Ljava/lang/Object;II)V @ 5 c2
Event: 52.979 Thread 0x000002216f5fb5a0 DEOPT PACKING pc=0x000002215d68fdbc sp=0x0000004aeb0f76d0
Event: 52.979 Thread 0x000002216f5fb5a0 DEOPT UNPACKING pc=0x000002215cc84602 sp=0x0000004aeb0f7580 mode 2

Classes loaded (20 events):
Event: 49.260 Loading class java/util/Collections$CopiesList
Event: 49.262 Loading class java/util/Collections$CopiesList done
Event: 49.268 Loading class sun/security/util/KeyUtil
Event: 49.270 Loading class sun/security/util/KeyUtil done
Event: 49.270 Loading class java/security/spec/NamedParameterSpec
Event: 49.270 Loading class java/security/spec/NamedParameterSpec done
Event: 49.279 Loading class sun/security/util/Length
Event: 49.279 Loading class sun/security/util/Length done
Event: 49.280 Loading class java/util/Base64
Event: 49.281 Loading class java/util/Base64 done
Event: 49.281 Loading class java/util/Base64$Decoder
Event: 49.282 Loading class java/util/Base64$Decoder done
Event: 49.282 Loading class java/util/Base64$Encoder
Event: 49.282 Loading class java/util/Base64$Encoder done
Event: 49.284 Loading class java/util/jar/JarVerifier$VerifierStream
Event: 49.284 Loading class java/util/jar/JarVerifier$VerifierStream done
Event: 49.284 Loading class sun/security/util/ManifestEntryVerifier$SunProviderHolder
Event: 49.285 Loading class sun/security/util/ManifestEntryVerifier$SunProviderHolder done
Event: 49.341 Loading class sun/security/util/MemoryCache$QueueCacheEntry
Event: 49.342 Loading class sun/security/util/MemoryCache$QueueCacheEntry done

Classes unloaded (0 events):
No events

Classes redefined (0 events):
No events

Internal exceptions (20 events):
Event: 52.443 Thread 0x000002216f5fb5a0 Exception <a 'sun/nio/fs/WindowsException'{0x000000008c701a68}> (0x000000008c701a68) 
thrown [s\src\hotspot\share\prims\jni.cpp, line 535]
Event: 52.447 Thread 0x000002216f5fb5a0 Exception <a 'sun/nio/fs/WindowsException'{0x000000008c712148}> (0x000000008c712148) 
thrown [s\src\hotspot\share\prims\jni.cpp, line 535]
Event: 52.448 Thread 0x000002216f5fb5a0 Exception <a 'sun/nio/fs/WindowsException'{0x000000008c719268}> (0x000000008c719268) 
thrown [s\src\hotspot\share\prims\jni.cpp, line 535]
Event: 52.451 Thread 0x000002216f5fb5a0 Exception <a 'sun/nio/fs/WindowsException'{0x000000008c720020}> (0x000000008c720020) 
thrown [s\src\hotspot\share\prims\jni.cpp, line 535]
Event: 52.452 Thread 0x000002216f5fb5a0 Exception <a 'sun/nio/fs/WindowsException'{0x000000008c726e48}> (0x000000008c726e48) 
thrown [s\src\hotspot\share\prims\jni.cpp, line 535]
Event: 52.476 Thread 0x000002216f5fb5a0 Exception <a 'sun/nio/fs/WindowsException'{0x000000008c72df88}> (0x000000008c72df88) 
thrown [s\src\hotspot\share\prims\jni.cpp, line 535]
Event: 52.477 Thread 0x000002216f5fb5a0 Exception <a 'sun/nio/fs/WindowsException'{0x000000008c734da0}> (0x000000008c734da0) 
thrown [s\src\hotspot\share\prims\jni.cpp, line 535]
Event: 52.478 Thread 0x000002216f5fb5a0 Exception <a 'sun/nio/fs/WindowsException'{0x000000008c7404d0}> (0x000000008c7404d0) 
thrown [s\src\hotspot\share\prims\jni.cpp, line 535]
Event: 52.479 Thread 0x000002216f5fb5a0 Exception <a 'sun/nio/fs/WindowsException'{0x000000008c74bd88}> (0x000000008c74bd88) 
thrown [s\src\hotspot\share\prims\jni.cpp, line 535]
Event: 52.479 Thread 0x000002216f5fb5a0 Exception <a 'sun/nio/fs/WindowsException'{0x000000008c74e058}> (0x000000008c74e058) 
thrown [s\src\hotspot\share\prims\jni.cpp, line 535]
Event: 52.480 Thread 0x000002216f5fb5a0 Exception <a 'sun/nio/fs/WindowsException'{0x000000008c755120}> (0x000000008c755120) 
thrown [s\src\hotspot\share\prims\jni.cpp, line 535]
Event: 52.481 Thread 0x000002216f5fb5a0 Exception <a 'sun/nio/fs/WindowsException'{0x000000008c757438}> (0x000000008c757438) 
thrown [s\src\hotspot\share\prims\jni.cpp, line 535]
Event: 52.481 Thread 0x000002216f5fb5a0 Exception <a 'sun/nio/fs/WindowsException'{0x000000008c759758}> (0x000000008c759758) 
thrown [s\src\hotspot\share\prims\jni.cpp, line 535]
Event: 52.482 Thread 0x000002216f5fb5a0 Exception <a 'sun/nio/fs/WindowsException'{0x000000008c760a78}> (0x000000008c760a78) 
thrown [s\src\hotspot\share\prims\jni.cpp, line 535]
Event: 52.482 Thread 0x000002216f5fb5a0 Exception <a 'sun/nio/fs/WindowsException'{0x000000008c767998}> (0x000000008c767998) 
thrown [s\src\hotspot\share\prims\jni.cpp, line 535]
Event: 52.483 Thread 0x000002216f5fb5a0 Exception <a 'sun/nio/fs/WindowsException'{0x000000008c76ea98}> (0x000000008c76ea98) 
thrown [s\src\hotspot\share\prims\jni.cpp, line 535]
Event: 52.644 Thread 0x000002216f5fb5a0 Exception <a 'sun/nio/fs/WindowsException'{0x000000008c6fce60}> (0x000000008c6fce60) 
thrown [s\src\hotspot\share\prims\jni.cpp, line 535]
Event: 52.645 Thread 0x000002216f5fb5a0 Exception <a 'sun/nio/fs/WindowsException'{0x000000008c50a570}> (0x000000008c50a570) 
thrown [s\src\hotspot\share\prims\jni.cpp, line 535]
Event: 52.770 Thread 0x000002216f5fb5a0 Exception <a 'sun/nio/fs/WindowsException'{0x000000008c3e15b0}> (0x000000008c3e15b0) 
thrown [s\src\hotspot\share\prims\jni.cpp, line 535]
Event: 52.979 Thread 0x000002216f5fb5a0 Exception <a 'sun/nio/fs/WindowsException'{0x000000008bbdbcf0}> (0x000000008bbdbcf0) 
thrown [s\src\hotspot\share\prims\jni.cpp, line 535]

VM Operations (20 events):
Event: 46.320 Executing non-safepoint VM operation: HandshakeAllThreads (Deoptimize)
Event: 46.320 Executing non-safepoint VM operation: HandshakeAllThreads (Deoptimize) done
Event: 46.984 Executing non-safepoint VM operation: HandshakeAllThreads (Deoptimize)
Event: 46.985 Executing non-safepoint VM operation: HandshakeAllThreads (Deoptimize) done
Event: 48.317 Executing non-safepoint VM operation: HandshakeAllThreads (Deoptimize)
Event: 48.318 Executing non-safepoint VM operation: HandshakeAllThreads (Deoptimize) done
Event: 48.483 Executing safepoint VM operation: G1CollectForAllocation (G1 Evacuation Pause)
Event: 48.493 Executing safepoint VM operation: G1CollectForAllocation (G1 Evacuation Pause) done
Event: 48.844 Executing non-safepoint VM operation: HandshakeAllThreads (Deoptimize)
Event: 48.844 Executing non-safepoint VM operation: HandshakeAllThreads (Deoptimize) done
Event: 49.002 Executing non-safepoint VM operation: HandshakeAllThreads (Deoptimize)
Event: 49.002 Executing non-safepoint VM operation: HandshakeAllThreads (Deoptimize) done
Event: 49.159 Executing non-safepoint VM operation: HandshakeAllThreads (Deoptimize)
Event: 49.159 Executing non-safepoint VM operation: HandshakeAllThreads (Deoptimize) done
Event: 49.161 Executing non-safepoint VM operation: HandshakeAllThreads (Deoptimize)
Event: 49.162 Executing non-safepoint VM operation: HandshakeAllThreads (Deoptimize) done
Event: 49.180 Executing non-safepoint VM operation: HandshakeAllThreads (Deoptimize)
Event: 49.180 Executing non-safepoint VM operation: HandshakeAllThreads (Deoptimize) done
Event: 51.745 Executing safepoint VM operation: G1CollectForAllocation (G1 Evacuation Pause)
Event: 51.762 Executing safepoint VM operation: G1CollectForAllocation (G1 Evacuation Pause) done

Memory protections (0 events):
No events

Nmethod flushes (20 events):
Event: 46.200 Thread 0x0000022169440b60 flushing  nmethod 0x000002215611d288
Event: 46.200 Thread 0x0000022169440b60 flushing  nmethod 0x0000022156190688
Event: 46.200 Thread 0x0000022169440b60 flushing  nmethod 0x0000022156202088
Event: 46.200 Thread 0x0000022169440b60 flushing  nmethod 0x0000022156203488
Event: 46.200 Thread 0x0000022169440b60 flushing  nmethod 0x000002215638b288
Event: 46.200 Thread 0x0000022169440b60 flushing  nmethod 0x0000022156437188
Event: 46.200 Thread 0x0000022169440b60 flushing  nmethod 0x000002215d3fc208
Event: 46.200 Thread 0x0000022169440b60 flushing  nmethod 0x000002215d41d708
Event: 46.200 Thread 0x0000022169440b60 flushing  nmethod 0x000002215d564208
Event: 46.200 Thread 0x0000022169440b60 flushing  nmethod 0x00000221557ff008
Event: 46.200 Thread 0x0000022169440b60 flushing  nmethod 0x000002215587f888
Event: 46.200 Thread 0x0000022169440b60 flushing  nmethod 0x0000022155a1a788
Event: 46.200 Thread 0x0000022169440b60 flushing  nmethod 0x0000022155bb8f08
Event: 46.200 Thread 0x0000022169440b60 flushing  nmethod 0x0000022155bc2808
Event: 46.200 Thread 0x0000022169440b60 flushing  nmethod 0x0000022155c3df88
Event: 46.200 Thread 0x0000022169440b60 flushing  nmethod 0x0000022155f79c08
Event: 46.200 Thread 0x0000022169440b60 flushing  nmethod 0x0000022156175988
Event: 46.200 Thread 0x0000022169440b60 flushing  nmethod 0x0000022156255888
Event: 46.200 Thread 0x0000022169440b60 flushing  nmethod 0x00000221563c1b08
Event: 46.200 Thread 0x0000022169440b60 flushing  nmethod 0x00000221563c4088

Events (20 events):
Event: 25.708 Thread 0x000002216f5fb5a0 Thread added: 0x00000221728fbb00
Event: 25.744 Thread 0x00000221728fbb00 Thread added: 0x00000221699af740
Event: 26.430 Thread 0x0000022169662090 Thread added: 0x000002217136f0e0
Event: 26.840 Thread 0x000002217136f0e0 Thread exited: 0x000002217136f0e0
Event: 26.967 Thread 0x00000221694bf500 Thread added: 0x000002217136d0a0
Event: 28.208 Thread 0x000002217136d0a0 Thread exited: 0x000002217136d0a0
Event: 28.293 Thread 0x0000022169662090 Thread added: 0x000002217136e0c0
Event: 28.429 Thread 0x000002217136e0c0 Thread exited: 0x000002217136e0c0
Event: 28.996 Thread 0x0000022169662090 Thread added: 0x000002217136d0a0
Event: 29.747 Thread 0x000002217136d0a0 Thread exited: 0x000002217136d0a0
Event: 31.728 Thread 0x0000022169662090 Thread added: 0x000002217136c890
Event: 32.013 Thread 0x000002217136c890 Thread exited: 0x000002217136c890
Event: 38.655 Thread 0x0000022169662090 Thread added: 0x000002216f6426c0
Event: 39.368 Thread 0x000002216f6426c0 Thread exited: 0x000002216f6426c0
Event: 39.518 Thread 0x0000022169662090 Thread added: 0x000002216f6426c0
Event: 40.386 Thread 0x000002216f6426c0 Thread exited: 0x000002216f6426c0
Event: 45.854 Thread 0x000002216f5fb5a0 Thread added: 0x000002217bead760
Event: 47.185 Thread 0x0000022169662090 Thread added: 0x000002217136a850
Event: 47.354 Thread 0x000002217136a850 Thread exited: 0x000002217136a850
Event: 47.662 Thread 0x000002216f5fb5a0 Thread added: 0x000002217beabff0


Dynamic libraries:
0x00007ff7d9c50000 - 0x00007ff7d9c5a000 	C:\Program Files\Android\Android Studio\jbr\bin\java.exe
0x00007ffc19c50000 - 0x00007ffc19e49000 	C:\Windows\SYSTEM32\ntdll.dll
0x00007ffbea170000 - 0x00007ffbea191000 	C:\Program Files\Avast Software\Avast\aswhook.dll
0x00007ffc19930000 - 0x00007ffc199f2000 	C:\Windows\System32\KERNEL32.DLL
0x00007ffc17610000 - 0x00007ffc17907000 	C:\Windows\System32\KERNELBASE.dll
0x00007ffc17960000 - 0x00007ffc17a60000 	C:\Windows\System32\ucrtbase.dll
0x00007ffbec770000 - 0x00007ffbec786000 	C:\Program Files\Android\Android Studio\jbr\bin\jli.dll
0x00007ffc19630000 - 0x00007ffc197cd000 	C:\Windows\System32\USER32.dll
0x00007ffc175e0000 - 0x00007ffc17602000 	C:\Windows\System32\win32u.dll
0x00007ffc14490000 - 0x00007ffc144ab000 	C:\Program Files\Android\Android Studio\jbr\bin\VCRUNTIME140.dll
0x00007ffc19900000 - 0x00007ffc1992b000 	C:\Windows\System32\GDI32.dll
0x00007ffc174c0000 - 0x00007ffc175da000 	C:\Windows\System32\gdi32full.dll
0x00007ffc0a520000 - 0x00007ffc0a7bb000 	C:\Windows\WinSxS\amd64_microsoft.windows.common-controls_6595b64144ccf1df_6.0.19041.7548_none_60b77ab371f759b9\COMCTL32.dll
0x00007ffc181d0000 - 0x00007ffc1826e000 	C:\Windows\System32\msvcrt.dll
0x00007ffc17a60000 - 0x00007ffc17afd000 	C:\Windows\System32\msvcp_win.dll
0x00007ffc18bb0000 - 0x00007ffc18bdf000 	C:\Windows\System32\IMM32.DLL
0x00007ffc14480000 - 0x00007ffc1448c000 	C:\Program Files\Android\Android Studio\jbr\bin\vcruntime140_1.dll
0x00007ffbe9b30000 - 0x00007ffbe9bbd000 	C:\Program Files\Android\Android Studio\jbr\bin\msvcp140.dll
0x00007ffbc6a80000 - 0x00007ffbc795a000 	C:\Program Files\Android\Android Studio\jbr\bin\server\jvm.dll
0x00007ffc18be0000 - 0x00007ffc18c91000 	C:\Windows\System32\ADVAPI32.dll
0x00007ffc18f80000 - 0x00007ffc1901f000 	C:\Windows\System32\sechost.dll
0x00007ffc19490000 - 0x00007ffc195b6000 	C:\Windows\System32\RPCRT4.dll
0x00007ffc17400000 - 0x00007ffc17427000 	C:\Windows\System32\bcrypt.dll
0x00007ffc195c0000 - 0x00007ffc1962b000 	C:\Windows\System32\WS2_32.dll
0x00007ffc17120000 - 0x00007ffc1716b000 	C:\Windows\SYSTEM32\POWRPROF.dll
0x00007ffc0e770000 - 0x00007ffc0e797000 	C:\Windows\SYSTEM32\WINMM.dll
0x00007ffc10e20000 - 0x00007ffc10e2a000 	C:\Windows\SYSTEM32\VERSION.dll
0x00007ffc17100000 - 0x00007ffc17112000 	C:\Windows\SYSTEM32\UMPDC.dll
0x00007ffc15150000 - 0x00007ffc15162000 	C:\Windows\SYSTEM32\kernel.appcore.dll
0x00007ffc14470000 - 0x00007ffc1447a000 	C:\Program Files\Android\Android Studio\jbr\bin\jimage.dll
0x00007ffc10330000 - 0x00007ffc10531000 	C:\Windows\SYSTEM32\DBGHELP.DLL
0x00007ffc102f0000 - 0x00007ffc10324000 	C:\Windows\SYSTEM32\dbgcore.DLL
0x00007ffc17430000 - 0x00007ffc174b2000 	C:\Windows\System32\bcryptPrimitives.dll
0x00007ffbf6580000 - 0x00007ffbf658e000 	C:\Program Files\Android\Android Studio\jbr\bin\instrument.dll
0x00007ffbef2c0000 - 0x00007ffbef2df000 	C:\Program Files\Android\Android Studio\jbr\bin\java.dll
0x00007ffc197d0000 - 0x00007ffc198fb000 	C:\Windows\System32\ole32.dll
0x00007ffc17e10000 - 0x00007ffc18163000 	C:\Windows\System32\combase.dll
0x00007ffc183e0000 - 0x00007ffc18b50000 	C:\Windows\System32\SHELL32.dll
0x00007ffbef280000 - 0x00007ffbef297000 	C:\Program Files\Android\Android Studio\jbr\bin\zip.dll
0x00007ffc15360000 - 0x00007ffc15b06000 	C:\Windows\SYSTEM32\windows.storage.dll
0x00007ffc16c20000 - 0x00007ffc16c4b000 	C:\Windows\SYSTEM32\Wldp.dll
0x00007ffc18300000 - 0x00007ffc183d6000 	C:\Windows\System32\OLEAUT32.dll
0x00007ffc19a80000 - 0x00007ffc19b2d000 	C:\Windows\System32\SHCORE.dll
0x00007ffc18170000 - 0x00007ffc181cb000 	C:\Windows\System32\shlwapi.dll
0x00007ffc17200000 - 0x00007ffc17224000 	C:\Windows\SYSTEM32\profapi.dll
0x00007ffbef170000 - 0x00007ffbef180000 	C:\Program Files\Android\Android Studio\jbr\bin\net.dll
0x00007ffc16950000 - 0x00007ffc169ba000 	C:\Windows\system32\mswsock.dll
0x00007ffbedcd0000 - 0x00007ffbedce6000 	C:\Program Files\Android\Android Studio\jbr\bin\nio.dll
0x00007ffbec590000 - 0x00007ffbec5a0000 	C:\Program Files\Android\Android Studio\jbr\bin\verify.dll
0x00007ffc14560000 - 0x00007ffc14587000 	C:\Users\Abdullah\.gradle\native\660c5614fbf4a5f2a75b1949f50a0caf5cd603558e7d8a26e50b933a0cfb79d1\windows-amd64\native-platform.dll
0x00007ffbedae0000 - 0x00007ffbedb57000 	C:\Users\Abdullah\.gradle\native\0.2.8\x86_64-windows-gnu\gradle-fileevents.dll
0x00007ffbec6f0000 - 0x00007ffbec6f9000 	C:\Program Files\Android\Android Studio\jbr\bin\management.dll
0x00007ffbec680000 - 0x00007ffbec68b000 	C:\Program Files\Android\Android Studio\jbr\bin\management_ext.dll
0x00007ffc18ec0000 - 0x00007ffc18ec8000 	C:\Windows\System32\PSAPI.DLL
0x00007ffc16630000 - 0x00007ffc1666b000 	C:\Windows\SYSTEM32\IPHLPAPI.DLL
0x00007ffc17c60000 - 0x00007ffc17c68000 	C:\Windows\System32\NSI.dll
0x00007ffbec700000 - 0x00007ffbec709000 	C:\Program Files\Android\Android Studio\jbr\bin\extnet.dll
0x00007ffc16b80000 - 0x00007ffc16b98000 	C:\Windows\SYSTEM32\CRYPTSP.dll
0x00007ffc16270000 - 0x00007ffc162a8000 	C:\Windows\system32\rsaenh.dll
0x00007ffc171b0000 - 0x00007ffc171de000 	C:\Windows\SYSTEM32\USERENV.dll
0x00007ffc16b70000 - 0x00007ffc16b7c000 	C:\Windows\SYSTEM32\CRYPTBASE.dll
0x00007ffbd0130000 - 0x00007ffbd0137000 	C:\Windows\system32\wshunix.dll

JVMTI agents:
C:\Users\Abdullah\.gradle\wrapper\dists\gradle-9.5.0-bin\bvnork1r7n8i6kp5cnkibsc9q\gradle-9.5.0\lib\agents\gradle-instrumentation-agent-9.5.0.jar path:C:\Program Files\Android\Android Studio\jbr\bin\instrument.dll, loaded, initialized, instrumentlib options:none

dbghelp: loaded successfully - version: 4.0.5 - missing functions: none
symbol engine: initialized successfully - sym options: 0x614 - pdb path: .;C:\Program Files\Android\Android Studio\jbr\bin;C:\Windows\SYSTEM32;C:\Program Files\Avast Software\Avast;C:\Windows\WinSxS\amd64_microsoft.windows.common-controls_6595b64144ccf1df_6.0.19041.7548_none_60b77ab371f759b9;C:\Program Files\Android\Android Studio\jbr\bin\server;C:\Users\Abdullah\.gradle\native\660c5614fbf4a5f2a75b1949f50a0caf5cd603558e7d8a26e50b933a0cfb79d1\windows-amd64;C:\Users\Abdullah\.gradle\native\0.2.8\x86_64-windows-gnu

VM Arguments:
jvm_args: --add-opens=java.base/java.lang=ALL-UNNAMED --add-opens=java.base/java.lang.invoke=ALL-UNNAMED --add-opens=java.base/java.util=ALL-UNNAMED --add-opens=java.prefs/java.util.prefs=ALL-UNNAMED --add-exports=jdk.compiler/com.sun.tools.javac.api=ALL-UNNAMED --add-exports=jdk.compiler/com.sun.tools.javac.util=ALL-UNNAMED --add-opens=java.base/java.nio.charset=ALL-UNNAMED --add-opens=java.base/java.net=ALL-UNNAMED --add-opens=java.base/java.util.concurrent=ALL-UNNAMED --add-opens=java.base/java.util.concurrent.atomic=ALL-UNNAMED --add-opens=java.xml/javax.xml.namespace=ALL-UNNAMED --add-opens=java.base/java.time=ALL-UNNAMED --enable-native-access=ALL-UNNAMED -Xmx2048m -Dfile.encoding=UTF-8 -Duser.country=US -Duser.language=en -Duser.variant -javaagent:C:\Users\Abdullah\.gradle\wrapper\dists\gradle-9.5.0-bin\bvnork1r7n8i6kp5cnkibsc9q\gradle-9.5.0\lib\agents\gradle-instrumentation-agent-9.5.0.jar 
java_command: org.gradle.launcher.daemon.bootstrap.GradleDaemon 9.5.0
java_class_path (initial): C:\Users\Abdullah\.gradle\wrapper\dists\gradle-9.5.0-bin\bvnork1r7n8i6kp5cnkibsc9q\gradle-9.5.0\lib\gradle-daemon-main-9.5.0.jar
Launcher Type: SUN_STANDARD

[Global flags]
     intx CICompilerCount                          = 3                                         {product} {ergonomic}
     uint ConcGCThreads                            = 1                                         {product} {ergonomic}
     uint G1ConcRefinementThreads                  = 4                                         {product} {ergonomic}
   size_t G1HeapRegionSize                         = 1048576                                   {product} {ergonomic}
   size_t InitialHeapSize                          = 268435456                                 {product} {ergonomic}
   size_t MarkStackSize                            = 4194304                                   {product} {ergonomic}
   size_t MarkStackSizeMax                         = 536870912                                 {product} {ergonomic}
   size_t MaxHeapSize                              = 2147483648                                {product} {command line}
   size_t MaxNewSize                               = 1287651328                                {product} {ergonomic}
   size_t MinHeapDeltaBytes                        = 1048576                                   {product} {ergonomic}
   size_t MinHeapSize                              = 8388608                                   {product} {ergonomic}
    uintx NonNMethodCodeHeapSize                   = 5832704                                {pd product} {ergonomic}
    uintx NonProfiledCodeHeapSize                  = 122945536                              {pd product} {ergonomic}
    uintx ProfiledCodeHeapSize                     = 122880000                              {pd product} {ergonomic}
    uintx ReservedCodeCacheSize                    = 251658240                              {pd product} {ergonomic}
     bool SegmentedCodeCache                       = true                                      {product} {ergonomic}
   size_t SoftMaxHeapSize                          = 2147483648                             {manageable} {ergonomic}
     bool UseCompressedOops                        = true                           {product lp64_product} {ergonomic}
     bool UseG1GC                                  = true                                      {product} {ergonomic}
     bool UseLargePagesIndividualAllocation        = false                                  {pd product} {ergonomic}

Logging:
Log output configuration:
 #0: stdout all=warning uptime,level,tags foldmultilines=false
 #1: stderr all=off uptime,level,tags foldmultilines=false

Release file:
JAVA_VERSION="25.0.2" 
MODULES="java.base java.compiler java.datatransfer java.xml java.prefs java.desktop java.instrument java.logging java.management java.security.sasl java.naming java.rmi java.management.rmi java.net.http java.scripting java.security.jgss java.transaction.xa java.sql java.sql.rowset java.xml.crypto java.se java.smartcardio jdk.accessibility jdk.internal.jvmstat jdk.attach jdk.charsets jdk.internal.opt jdk.zipfs jdk.compiler jdk.crypto.cryptoki jdk.crypto.ec jdk.dynalink jdk.hotspot.agent jdk.httpserver jdk.internal.ed jdk.internal.le jdk.internal.md jdk.internal.vm.ci jdk.jartool jdk.javadoc jdk.jcmd jdk.jdeps jdk.jdwp.agent jdk.jdi jdk.jfr jdk.jlink jdk.localedata jdk.management jdk.management.agent jdk.management.jfr jdk.naming.dns jdk.naming.rmi jdk.net jdk.sctp jdk.security.auth jdk.security.jgss jdk.unsupported jdk.unsupported.desktop jdk.xml.dom" 
IMPLEMENTOR="JetBrains s.r.o." 
JAVA_RUNTIME_VERSION="25.0.2+-15348964-b329.117" 
LIBC="default" 
OS_ARCH="x86_64" 
OS_NAME="Windows" 
SOURCE=".:git:3cf398e84a39" 

Environment Variables:
JAVA_HOME=C:\Program Files\Android\Android Studio\jbr
PATH=C:/Users/Abdullah/.gemini/antigravity/bin;C:\Users\Abdullah\AppData\Roaming\Antigravity\bin;C:\Windows\system32;C:\Windows;C:\Windows\System32\Wbem;C:\Windows\System32\WindowsPowerShell\v1.0\;C:\Windows\System32\OpenSSH\;C:\Program Files (x86)\AMD\ATI.ACE\Core-Static;C:\Program Files\Git\cmd;C:\Program Files\dotnet\;C:\Users\Abdullah\AppData\Local\Microsoft\WindowsApps;C:\Users\Abdullah\AppData\Local\Programs\cursor\resources\app\bin;C:\Users\Abdullah\AppData\Local\Programs\Devin\bin;C:\Users\Abdullah\AppData\Local\Programs\Kiro\bin;C:\Users\Abdullah\AppData\Local\Programs\Antigravity IDE\bin
USERNAME=Abdullah
OS=Windows_NT
PROCESSOR_IDENTIFIER=Intel64 Family 6 Model 94 Stepping 3, GenuineIntel
TMP=C:\Users\Abdullah\AppData\Local\Temp
TEMP=C:\Users\Abdullah\AppData\Local\Temp




Compilation memory statistics disabled.

Periodic native trim disabled

JNI global refs:
JNI global refs: 21, weak refs: 0

JNI global refs memory usage: 835, weak refs: 833

Process memory usage:
Resident Set Size: 548176K (3% of 16699556K total physical memory with 1461892K free physical memory)

OOME stack traces (most recent first):
Classloader memory used:
Loader org.gradle.internal.classloader.VisitableURLClassLoader                         : 101678 K
Loader bootstrap                                                                       : 27555 K
Loader org.gradle.initialization.MixInLegacyTypesClassLoader                           : 12947 K
Loader org.gradle.internal.classloader.VisitableURLClassLoader$InstrumentingVisitableURLClassLoader: 11687 K
Loader jdk.internal.jrtfs.JrtFileSystemProvider$JrtFsLoader                            : 326 K
Loader jdk.internal.loader.ClassLoaders$AppClassLoader                                 : 186 K
Loader jdk.internal.loader.ClassLoaders$PlatformClassLoader                            : 176 K
Loader org.gradle.internal.classloader.VisitableURLClassLoader                         : 115 K

Classes loaded by more than one classloader:
Class Program                                                                         : loaded 4 times (x 76B)
Class com.google.common.base.Equivalence$Identity                                     : loaded 2 times (x 84B)
Class com.google.common.collect.RegularImmutableMap$KeySet                            : loaded 2 times (x 154B)
Class org.gradle.internal.classloader.FilteringClassLoader                            : loaded 2 times (x 106B)
Class com.google.common.base.CharMatcher$IsEither                                     : loaded 2 times (x 113B)
Class jdk.internal.jimage.BasicImageReader                                            : loaded 2 times (x 97B)
Class org.gradle.internal.classloader.ClassLoaderHierarchy                            : loaded 2 times (x 72B)
Class com.google.common.collect.ImmutableEnumSet                                      : loaded 2 times (x 148B)
Class com.google.common.collect.ImmutableList$1                                       : loaded 2 times (x 99B)
Class com.google.common.util.concurrent.ExecutionError                                : loaded 2 times (x 84B)
Class kotlinx.coroutines.flow.internal.AbstractSharedFlow                             : loaded 2 times (x 76B)
Class kotlinx.coroutines.flow.CancellableFlow                                         : loaded 2 times (x 72B)
Class com.google.common.collect.RegularImmutableMap                                   : loaded 2 times (x 122B)
Class com.google.common.collect.ImmutableMap$MapViewOfValuesAsSingletonSets           : loaded 2 times (x 128B)
Class [Lorg.objectweb.asm.Symbol;                                                     : loaded 2 times (x 71B)
Class org.objectweb.asm.ClassVisitor                                                  : loaded 2 times (x 90B)
Class com.google.common.collect.UnmodifiableListIterator                              : loaded 2 times (x 97B)
Class jdk.internal.jimage.decompressor.StringSharingDecompressorFactory               : loaded 2 times (x 76B)
Class org.objectweb.asm.MethodTooLargeException                                       : loaded 2 times (x 84B)
Class [Lcom.google.common.cache.CacheBuilder$OneWeigher;                              : loaded 2 times (x 71B)
Class com.google.common.base.Suppliers                                                : loaded 2 times (x 73B)
Class org.gradle.internal.classloader.DefaultClassLoaderFactory                       : loaded 2 times (x 84B)
Class [Lcom.google.common.collect.ImmutableMapEntry;                                  : loaded 2 times (x 71B)
Class com.google.common.collect.ListMultimap                                          : loaded 2 times (x 72B)
Class com.google.common.collect.ImmutableEnumMap                                      : loaded 2 times (x 128B)
Class com.google.common.collect.Sets$1                                                : loaded 2 times (x 143B)
Class org.objectweb.asm.AnnotationVisitor                                             : loaded 2 times (x 80B)
Class org.gradle.api.internal.DefaultClassPathProvider                                : loaded 2 times (x 78B)
Class com.google.common.collect.Sets$2                                                : loaded 2 times (x 143B)
Class [Lorg.gradle.api.internal.ClassPathProvider;                                    : loaded 2 times (x 71B)
Class org.gradle.api.internal.ClassPathProvider                                       : loaded 2 times (x 72B)
Class [Lorg.objectweb.asm.AnnotationVisitor;                                          : loaded 2 times (x 71B)
Class com.google.common.collect.Sets$3                                                : loaded 2 times (x 143B)
Class com.google.common.cache.LocalCache$LocalLoadingCache                            : loaded 2 times (x 136B)
Class org.gradle.internal.service.UnknownServiceException                             : loaded 2 times (x 85B)
Class com.google.common.collect.Sets$4                                                : loaded 2 times (x 143B)
Class org.objectweb.asm.ModuleVisitor                                                 : loaded 2 times (x 83B)
Class com.google.common.cache.LocalCache$Strength$1                                   : loaded 2 times (x 83B)
Class com.google.common.util.concurrent.SettableFuture                                : loaded 2 times (x 116B)
Class com.google.common.cache.LocalCache$Strength$2                                   : loaded 2 times (x 83B)
Class com.google.common.cache.LocalCache$Strength$3                                   : loaded 2 times (x 83B)
Class com.google.common.collect.MapDifference                                         : loaded 2 times (x 72B)
Class org.objectweb.asm.FieldWriter                                                   : loaded 2 times (x 79B)
Class com.google.common.cache.CacheBuilder$NullListener                               : loaded 2 times (x 84B)
Class org.gradle.internal.classpath.TransformedClassPath                              : loaded 2 times (x 98B)
Class org.gradle.internal.classloader.InstrumentingClassLoader                        : loaded 2 times (x 72B)
Class com.google.common.collect.Iterators$ArrayItr                                    : loaded 2 times (x 99B)
Class com.google.common.cache.CacheLoader$FunctionToCacheLoader                       : loaded 2 times (x 77B)
Class com.google.common.collect.ImmutableCollection$Builder                           : loaded 2 times (x 78B)
Class com.google.common.base.MoreObjects                                              : loaded 2 times (x 73B)
Class com.google.common.collect.Platform                                              : loaded 2 times (x 73B)
Class [Lorg.objectweb.asm.Type;                                                       : loaded 2 times (x 71B)
Class com.google.common.collect.UnmodifiableIterator                                  : loaded 2 times (x 82B)
Class org.gradle.internal.service.ServiceLocator                                      : loaded 2 times (x 72B)
Class com.google.common.base.Ascii                                                    : loaded 2 times (x 73B)
Class com.google.common.collect.Iterators$SingletonIterator                           : loaded 2 times (x 83B)
Class com.google.common.cache.LocalCache$1                                            : loaded 2 times (x 91B)
Class com.google.common.collect.AbstractMapEntry                                      : loaded 2 times (x 83B)
Class jdk.internal.jrtfs.JrtFileSystemProvider                                        : loaded 2 times (x 103B)
Class com.google.common.collect.AbstractMultimap                                      : loaded 2 times (x 125B)
Class com.google.common.cache.LocalCache$2                                            : loaded 2 times (x 144B)
Class com.google.common.collect.RegularImmutableAsList                                : loaded 2 times (x 219B)
Class com.google.common.collect.Iterators                                             : loaded 2 times (x 73B)
Class com.google.common.util.concurrent.AbstractFuture$Trusted                        : loaded 2 times (x 72B)
Class com.google.common.collect.Lists$StringAsImmutableList                           : loaded 2 times (x 209B)
Class com.google.common.util.concurrent.UncheckedExecutionException                   : loaded 2 times (x 84B)
Class org.gradle.kotlin.dsl.VersionCatalogAccessorsKt                                 : loaded 2 times (x 73B)
Class jdk.internal.jimage.ImageLocation                                               : loaded 2 times (x 92B)
Class org.objectweb.asm.ClassWriter                                                   : loaded 2 times (x 107B)
Class com.google.common.base.CharMatcher$And                                          : loaded 2 times (x 114B)
Class com.google.common.cache.CacheLoader$UnsupportedLoadingOperationException        : loaded 2 times (x 84B)
Class jdk.internal.jimage.ImageBufferCache$1                                          : loaded 2 times (x 84B)
Class org.objectweb.asm.FieldVisitor                                                  : loaded 2 times (x 79B)
Class com.google.common.collect.IndexedImmutableSet                                   : loaded 2 times (x 154B)
Class com.google.common.collect.ImmutableMap$1                                        : loaded 2 times (x 83B)
Class com.google.common.collect.BiMap                                                 : loaded 2 times (x 72B)
Class jdk.internal.jimage.ImageBufferCache$2                                          : loaded 2 times (x 93B)
Class org.gradle.api.internal.classpath.DefaultModuleRegistry$DefaultModule           : loaded 2 times (x 84B)
Class com.google.common.primitives.Ints                                               : loaded 2 times (x 73B)
Class com.google.common.collect.AbstractIterator                                      : loaded 2 times (x 84B)
Class com.google.common.math.MathPreconditions                                        : loaded 2 times (x 73B)
Class com.google.common.collect.Multiset                                              : loaded 2 times (x 72B)
Class com.google.common.collect.ArrayListMultimapGwtSerializationDependencies         : loaded 2 times (x 173B)
Class com.google.common.collect.AbstractIndexedListIterator                           : loaded 2 times (x 98B)
Class com.google.common.collect.ImmutableMapEntrySet                                  : loaded 2 times (x 154B)
Class org.gradle.api.internal.classpath.Module                                        : loaded 2 times (x 72B)
Class com.google.common.cache.Weigher                                                 : loaded 2 times (x 72B)
Class kotlinx.coroutines.flow.Flow                                                    : loaded 2 times (x 72B)
Class org.gradle.api.internal.classpath.UnknownModuleException                        : loaded 2 times (x 84B)
Class com.google.common.base.Stopwatch                                                : loaded 2 times (x 74B)
Class com.google.common.cache.LocalCache$Strength                                     : loaded 2 times (x 83B)
Class com.google.common.cache.Cache                                                   : loaded 2 times (x 72B)
Class jdk.internal.jimage.ImageHeader                                                 : loaded 2 times (x 73B)
Class com.google.common.util.concurrent.AbstractFuture$Cancellation                   : loaded 2 times (x 74B)
Class com.google.common.collect.ImmutableMap$Builder                                  : loaded 2 times (x 84B)
Class com.google.common.cache.RemovalListener                                         : loaded 2 times (x 72B)
Class org.gradle.api.internal.DefaultClassPathRegistry                                : loaded 2 times (x 78B)
Class com.google.common.primitives.IntsMethodsForWeb                                  : loaded 2 times (x 73B)
Class com.google.common.collect.Multimap                                              : loaded 2 times (x 72B)
Class org.gradle.internal.classpath.DefaultClassPath$ImmutableUniqueList              : loaded 2 times (x 201B)
Class org.gradle.api.internal.ClassPathRegistry                                       : loaded 2 times (x 72B)
Class jdk.internal.jimage.decompressor.ResourceDecompressor                           : loaded 2 times (x 72B)
Class com.google.common.collect.SingletonImmutableList                                : loaded 2 times (x 209B)
Class com.google.common.cache.CacheBuilder                                            : loaded 2 times (x 74B)
Class com.google.common.base.PairwiseEquivalence                                      : loaded 2 times (x 85B)
Class Settings_gradle$1                                                               : loaded 2 times (x 76B)
Class org.gradle.internal.classpath.ClassPath                                         : loaded 2 times (x 72B)
Class com.google.common.collect.ImmutableList$ReverseImmutableList                    : loaded 2 times (x 211B)
Class org.objectweb.asm.SymbolTable$Entry                                             : loaded 2 times (x 75B)
Class org.gradle.api.internal.classpath.DefaultModuleRegistry$DefaultModuleAlias      : loaded 2 times (x 82B)
Class org.objectweb.asm.Edge                                                          : loaded 2 times (x 74B)
Class com.google.common.collect.Iterators$1                                           : loaded 2 times (x 83B)
Class com.google.common.base.Suppliers$SupplierOfInstance                             : loaded 2 times (x 81B)
Class jdk.internal.jimage.ImageStringsReader                                          : loaded 2 times (x 82B)
Class com.google.common.collect.SingletonImmutableSet                                 : loaded 2 times (x 148B)
Class com.google.common.cache.LocalCache$ComputingValueReference                      : loaded 2 times (x 98B)
Class com.google.common.collect.ImmutableMap$IteratorBasedImmutableMap                : loaded 2 times (x 128B)
Class com.google.common.cache.LocalCache$Segment                                      : loaded 2 times (x 155B)
Class kotlinx.coroutines.flow.MutableSharedFlow                                       : loaded 2 times (x 72B)
Class jdk.internal.jimage.ImageReader                                                 : loaded 2 times (x 77B)
Class com.google.common.collect.AbstractListMultimap                                  : loaded 2 times (x 173B)
Class [Lorg.objectweb.asm.SymbolTable$Entry;                                          : loaded 2 times (x 71B)
Class com.google.common.collect.Iterators$4                                           : loaded 2 times (x 84B)
Class com.google.common.cache.CacheLoader                                             : loaded 2 times (x 76B)
Class com.google.common.collect.ImmutableBiMap                                        : loaded 2 times (x 145B)
Class jdk.internal.jimage.ImageReader$SharedImageReader                               : loaded 2 times (x 97B)
Class org.gradle.api.internal.classpath.ModuleRegistry                                : loaded 2 times (x 72B)
Class org.gradle.internal.installation.GradleInstallation$1                           : loaded 2 times (x 77B)
Class com.google.common.collect.ImmutableSet$JdkBackedSetBuilderImpl                  : loaded 2 times (x 78B)
Class com.google.common.collect.Iterators$5                                           : loaded 2 times (x 84B)
Class com.google.common.util.concurrent.internal.InternalFutureFailureAccess          : loaded 2 times (x 74B)
Class jdk.internal.jimage.decompressor.ResourceDecompressorFactory                    : loaded 2 times (x 76B)
Class com.google.common.base.CharMatcher$ForPredicate                                 : loaded 2 times (x 114B)
Class com.google.common.cache.LocalCache$LocalManualCache$1                           : loaded 2 times (x 77B)
Class com.google.common.base.CharMatcher$AnyOf                                        : loaded 2 times (x 114B)
Class com.google.common.collect.ImmutableCollection                                   : loaded 2 times (x 127B)
Class jdk.internal.jimage.ImageReader$Node                                            : loaded 2 times (x 86B)
Class org.gradle.api.internal.classpath.DefaultModuleRegistry                         : loaded 2 times (x 86B)
Class com.google.common.collect.Lists                                                 : loaded 2 times (x 73B)
Class com.google.common.util.concurrent.ListenableFuture                              : loaded 2 times (x 72B)
Class com.google.common.cache.ReferenceEntry                                          : loaded 2 times (x 72B)
Class com.google.common.base.Converter                                                : loaded 2 times (x 92B)
Class com.google.common.collect.ImmutableSet$CachingAsList                            : loaded 2 times (x 150B)
Class jdk.internal.jimage.BasicImageReader$1                                          : loaded 2 times (x 79B)
Class com.google.common.collect.AbstractMapBasedMultimap                              : loaded 2 times (x 140B)
Class com.google.common.collect.Iterators$9                                           : loaded 2 times (x 83B)
Class com.google.common.collect.ImmutableAsList                                       : loaded 2 times (x 211B)
Class com.google.common.util.concurrent.AbstractFuture                                : loaded 2 times (x 108B)
Class com.google.common.base.FunctionalEquivalence                                    : loaded 2 times (x 85B)
Class org.objectweb.asm.RecordComponentVisitor                                        : loaded 2 times (x 79B)
Class com.google.common.cache.CacheLoader$SupplierToCacheLoader                       : loaded 2 times (x 77B)
Class jdk.internal.jimage.decompressor.Decompressor                                   : loaded 2 times (x 74B)
Class org.gradle.internal.service.ServiceLookupException                              : loaded 2 times (x 84B)
Class [Lcom.google.common.cache.LocalCache$EntryFactory;                              : loaded 2 times (x 71B)
Class org.gradle.internal.classloader.ClassLoaderFactory                              : loaded 2 times (x 72B)
Class com.google.common.base.CharMatcher$IsNot                                        : loaded 2 times (x 113B)
Class com.google.common.cache.LocalCache$LocalManualCache                             : loaded 2 times (x 101B)
Class kotlinx.coroutines.flow.internal.FusibleFlow                                    : loaded 2 times (x 72B)
Class org.gradle.internal.service.CachingServiceLocator                               : loaded 2 times (x 84B)
Class com.google.common.math.IntMath                                                  : loaded 2 times (x 73B)
Class com.google.common.collect.ImmutableMapEntry                                     : loaded 2 times (x 87B)
Class com.google.common.base.Equivalence                                              : loaded 2 times (x 84B)
Class com.google.common.base.Function                                                 : loaded 2 times (x 72B)
Class com.google.common.collect.ImmutableMapEntry$NonTerminalImmutableMapEntry        : loaded 2 times (x 87B)
Class com.google.common.collect.IndexedImmutableSet$1                                 : loaded 2 times (x 215B)
Class com.google.common.collect.RegularImmutableList                                  : loaded 2 times (x 215B)
Class com.google.common.cache.CacheBuilder$OneWeigher                                 : loaded 2 times (x 84B)
Class jdk.internal.jimage.ImageBufferCache                                            : loaded 2 times (x 73B)
Class jdk.internal.jrtfs.JrtPath                                                      : loaded 2 times (x 124B)
Class org.gradle.internal.classloader.ClasspathUtil                                   : loaded 2 times (x 73B)
Class com.google.common.util.concurrent.Uninterruptibles                              : loaded 2 times (x 73B)
Class com.google.common.util.concurrent.LazyLogger                                    : loaded 2 times (x 74B)
Class com.google.common.collect.Maps                                                  : loaded 2 times (x 73B)
Class org.gradle.api.specs.Spec                                                       : loaded 2 times (x 72B)
Class [Lcom.google.common.collect.ImmutableEntry;                                     : loaded 2 times (x 71B)
Class com.google.common.cache.LocalCache$LoadingValueReference                        : loaded 2 times (x 98B)
Class kotlinx.coroutines.internal.Symbol                                              : loaded 2 times (x 74B)
Class jdk.internal.jimage.decompressor.ResourceDecompressorRepository                 : loaded 2 times (x 73B)
Class [Lorg.objectweb.asm.AnnotationWriter;                                           : loaded 2 times (x 71B)
Class com.google.common.collect.Maps$8                                                : loaded 2 times (x 84B)
Class jdk.internal.jimage.ImageReader$Directory                                       : loaded 2 times (x 86B)
Class com.google.common.collect.Sets$SetView                                          : loaded 2 times (x 141B)
Class com.google.common.cache.LocalCache$StrongValueReference                         : loaded 2 times (x 92B)
Class org.objectweb.asm.Type                                                          : loaded 2 times (x 74B)
Class org.gradle.internal.classloader.VisitableURLClassLoader$InstrumentingVisitableURLClassLoader: loaded 2 times (x 124B)
Class com.google.common.math.IntMath$1                                                : loaded 2 times (x 73B)
Class org.objectweb.asm.ByteVector                                                    : loaded 2 times (x 81B)
Class [Lcom.google.common.cache.CacheBuilder$NullListener;                            : loaded 2 times (x 71B)
Class org.gradle.internal.classloader.VisitableURLClassLoader$Spec                    : loaded 2 times (x 76B)
Class org.gradle.internal.classpath.DefaultClassPath                                  : loaded 2 times (x 92B)
Class org.objectweb.asm.Symbol                                                        : loaded 2 times (x 75B)
Class jdk.internal.jimage.decompressor.ZipDecompressorFactory                         : loaded 2 times (x 76B)
Class com.google.common.base.CharMatcher$BitSetMatcher                                : loaded 2 times (x 114B)
Class com.google.common.collect.RegularImmutableMap$Values                            : loaded 2 times (x 209B)
Class com.google.common.collect.ImmutableSet                                          : loaded 2 times (x 147B)
Class org.gradle.internal.classloader.ClassLoaderSpec                                 : loaded 2 times (x 73B)
Class org.objectweb.asm.AnnotationWriter                                              : loaded 2 times (x 80B)
Class com.google.common.cache.CacheStats                                              : loaded 2 times (x 73B)
Class org.objectweb.asm.RecordComponentWriter                                         : loaded 2 times (x 79B)
Class com.google.common.util.concurrent.AbstractFuture$Listener                       : loaded 2 times (x 74B)
Class com.google.common.base.CharMatcher$Or                                           : loaded 2 times (x 114B)
Class Settings_gradle$1$1                                                             : loaded 2 times (x 76B)
Class org.gradle.api.internal.classpath.Module$ModuleAlias                            : loaded 2 times (x 72B)
Class org.objectweb.asm.Attribute                                                     : loaded 2 times (x 79B)
Class com.google.common.base.Supplier                                                 : loaded 2 times (x 72B)
Class org.gradle.internal.classloader.VisitableURLClassLoader                         : loaded 2 times (x 118B)
Class kotlinx.coroutines.flow.FlowCollector                                           : loaded 2 times (x 72B)
Class Settings_gradle                                                                 : loaded 2 times (x 126B)
Class org.gradle.internal.Cast                                                        : loaded 2 times (x 73B)
Class org.gradle.api.Action                                                           : loaded 2 times (x 72B)
Class com.google.common.collect.Sets                                                  : loaded 2 times (x 73B)
Class org.objectweb.asm.Handler                                                       : loaded 2 times (x 74B)
Class com.google.common.base.CharMatcher$FastMatcher                                  : loaded 2 times (x 113B)
Class com.google.common.base.Ticker                                                   : loaded 2 times (x 74B)
Class jdk.internal.jimage.decompressor.ZipDecompressor                                : loaded 2 times (x 77B)
Class [Lcom.google.common.cache.LocalCache$Segment;                                   : loaded 2 times (x 71B)
Class com.google.common.base.Predicate                                                : loaded 2 times (x 72B)
Class [Lcom.google.common.cache.LocalCache$Strength;                                  : loaded 2 times (x 71B)
Class com.google.common.cache.CacheBuilder$1                                          : loaded 2 times (x 87B)
Class com.google.common.collect.ImmutableMap                                          : loaded 2 times (x 122B)
Class org.gradle.internal.classpath.DefaultClassPath$ImmutableUniqueList$Builder      : loaded 2 times (x 77B)
Class com.google.common.base.CharMatcher$NegatedFastMatcher                           : loaded 2 times (x 115B)
Class com.google.common.cache.LocalCache                                              : loaded 2 times (x 188B)
Class com.google.common.cache.CacheBuilder$2                                          : loaded 2 times (x 81B)
Class com.google.common.collect.ArrayListMultimap                                     : loaded 2 times (x 173B)
Class com.google.common.cache.CacheBuilder$3                                          : loaded 2 times (x 74B)
Class [Lcom.google.common.collect.AbstractMapEntry;                                   : loaded 2 times (x 71B)
Class com.google.common.collect.ImmutableEntry                                        : loaded 2 times (x 84B)
Class org.gradle.api.GradleException                                                  : loaded 2 times (x 84B)
Class com.google.common.collect.CollectPreconditions                                  : loaded 2 times (x 73B)
Class jdk.internal.jimage.ImageStrings                                                : loaded 2 times (x 72B)
Class com.google.common.collect.SortedMapDifference                                   : loaded 2 times (x 72B)
Class com.google.common.cache.LocalCache$EntryFactory                                 : loaded 2 times (x 85B)
Class com.google.common.cache.LocalCache$AbstractReferenceEntry                       : loaded 2 times (x 109B)
Class org.gradle.internal.IoActions                                                   : loaded 2 times (x 73B)
Class org.objectweb.asm.SymbolTable                                                   : loaded 2 times (x 74B)
Class com.google.common.collect.ImmutableSet$RegularSetBuilderImpl                    : loaded 2 times (x 78B)
Class com.google.common.cache.CacheLoader$InvalidCacheLoadException                   : loaded 2 times (x 84B)
Class com.google.common.cache.LocalCache$StrongEntry                                  : loaded 2 times (x 110B)
Class com.google.common.util.concurrent.AbstractFuture$TrustedFuture                  : loaded 2 times (x 116B)
Class com.google.common.cache.LoadingCache                                            : loaded 2 times (x 72B)
Class org.objectweb.asm.MethodWriter                                                  : loaded 2 times (x 107B)
Class [Lcom.google.common.cache.Weigher;                                              : loaded 2 times (x 71B)
Class com.google.common.collect.RegularImmutableMap$BucketOverflowException           : loaded 2 times (x 84B)
Class jdk.internal.jrtfs.JrtFileSystem                                                : loaded 2 times (x 104B)
Class jdk.internal.jimage.decompressor.CompressedResourceHeader                       : loaded 2 times (x 73B)
Class com.google.common.base.CharMatcher$Negated                                      : loaded 2 times (x 115B)
Class com.google.common.base.CharMatcher$Is                                           : loaded 2 times (x 113B)
Class com.google.common.cache.LocalCache$ValueReference                               : loaded 2 times (x 72B)
Class com.google.common.util.concurrent.AbstractFuture$Failure                        : loaded 2 times (x 74B)
Class com.google.common.base.Equivalence$Equals                                       : loaded 2 times (x 84B)
Class com.google.common.collect.Hashing                                               : loaded 2 times (x 73B)
Class com.google.common.base.Preconditions                                            : loaded 2 times (x 73B)
Class org.objectweb.asm.Label                                                         : loaded 2 times (x 75B)
Class org.objectweb.asm.CurrentFrame                                                  : loaded 2 times (x 75B)
Class org.objectweb.asm.ClassTooLargeException                                        : loaded 2 times (x 84B)
Class com.google.common.collect.PeekingIterator                                       : loaded 2 times (x 72B)
Class com.google.common.base.CharMatcher                                              : loaded 2 times (x 113B)
Class org.objectweb.asm.Frame                                                         : loaded 2 times (x 75B)
Class org.objectweb.asm.MethodVisitor                                                 : loaded 2 times (x 107B)
Class com.google.common.base.CharMatcher$1                                            : loaded 2 times (x 115B)
Class com.google.common.base.CharMatcher$NamedFastMatcher                             : loaded 2 times (x 114B)
Class com.google.common.cache.LocalCache$EntryFactory$1                               : loaded 2 times (x 85B)
Class [Lcom.google.common.cache.RemovalListener;                                      : loaded 2 times (x 71B)
Class kotlinx.coroutines.flow.SharedFlow                                              : loaded 2 times (x 72B)
Class com.google.common.cache.LocalCache$EntryFactory$2                               : loaded 2 times (x 85B)
Class org.objectweb.asm.ModuleWriter                                                  : loaded 2 times (x 83B)
Class com.google.common.cache.LocalCache$EntryFactory$3                               : loaded 2 times (x 85B)
Class com.google.common.base.Ticker$1                                                 : loaded 2 times (x 74B)
Class com.google.common.collect.Maps$BiMapConverter                                   : loaded 2 times (x 92B)
Class com.google.common.collect.ImmutableMapEntrySet$RegularEntrySet                  : loaded 2 times (x 154B)
Class com.google.common.collect.ImmutableSet$Builder                                  : loaded 2 times (x 87B)
Class com.google.common.base.CharMatcher$InRange                                      : loaded 2 times (x 113B)
Class com.google.common.cache.LocalCache$EntryFactory$4                               : loaded 2 times (x 85B)
Class com.google.common.cache.LocalCache$EntryFactory$5                               : loaded 2 times (x 85B)
Class com.google.common.cache.LocalCache$EntryFactory$6                               : loaded 2 times (x 85B)
Class Build_gradle                                                                    : loaded 2 times (x 74B)
Class org.gradle.internal.installation.CurrentGradleInstallationLocator               : loaded 2 times (x 73B)
Class com.google.common.collect.ImmutableSet$EmptySetBuilderImpl                      : loaded 2 times (x 78B)
Class com.google.common.cache.LocalCache$EntryFactory$7                               : loaded 2 times (x 85B)
Class com.google.common.collect.ImmutableList                                         : loaded 2 times (x 208B)
Class org.gradle.internal.service.DefaultServiceLocator                               : loaded 2 times (x 85B)
Class com.google.common.collect.ImmutableSet$SetBuilderImpl                           : loaded 2 times (x 78B)
Class com.google.common.cache.LocalCache$EntryFactory$8                               : loaded 2 times (x 85B)
Class org.gradle.internal.installation.CurrentGradleInstallation                      : loaded 2 times (x 75B)
Class com.google.common.collect.ImmutableList$SubList                                 : loaded 2 times (x 211B)
Class com.google.common.cache.CacheLoader$1                                           : loaded 2 times (x 77B)
Class org.gradle.util.internal.GUtil                                                  : loaded 2 times (x 73B)
Class com.google.common.cache.AbstractCache$StatsCounter                              : loaded 2 times (x 72B)
Class com.google.common.collect.Iterators$MergingIterator                             : loaded 2 times (x 83B)
Class com.google.common.collect.RegularImmutableSet                                   : loaded 2 times (x 150B)
Class org.gradle.internal.installation.GradleInstallation                             : loaded 2 times (x 77B)
Class jdk.internal.jimage.decompressor.ResourceDecompressor$StringsProvider           : loaded 2 times (x 72B)

---------------  S Y S T E M  ---------------

OS:
 Windows 10 , 64 bit Build 19041 (10.0.19041.7548)
OS uptime: 0 days 1:10 hours

CPU: total 4 (initial active 4) (4 cores per cpu, 1 threads per core) family 6 model 94 stepping 3 microcode 0xcc, cx8, cmov, fxsr, mmx, 3dnowpref, sse, sse2, sse3, ssse3, sse4.1, sse4.2, popcnt, lzcnt, tsc, tscinvbit, avx, avx2, aes, erms, clmul, bmi1, bmi2, rtm, adx, fma, vzeroupper, clflush, clflushopt, rdtscp, f16c
Processor Information for the first 4 processors :
  Max Mhz: 3192, Current Mhz: 3192, Mhz Limit: 3192

Memory: 4k page, system-wide physical 16308M (1424M free)
TotalPageFile size 18356M (AvailPageFile size 8M)
current process WorkingSet (physical memory assigned to process): 535M, peak: 541M
current process commit charge ("private bytes"): 565M, peak: 573M

vm_info: OpenJDK 64-Bit Server VM (25.0.2+-15348964-b329.117) for windows-amd64 JRE (25.0.2+-15348964-b329.117), built on 2026-05-05T18:25:19Z with MS VC++ 16.10 / 16.11 (VS2019)

END.
