#
# There is insufficient memory for the Java Runtime Environment to continue.
# Native memory allocation (mmap) failed to map 180355072 bytes. Error detail: G1 virtual space
# Possible reasons:
#   The system is out of physical RAM or swap space
#   This process is running with CompressedOops enabled, and the Java Heap may be blocking the growth of the native heap
# Possible solutions:
#   Reduce memory load on the system
#   Increase physical memory or swap space
#   Check if swap backing store is full
#   Decrease Java heap size (-Xmx/-Xms)
#   Decrease number of Java threads
#   Decrease Java thread stack sizes (-Xss)
#   Set larger code cache with -XX:ReservedCodeCacheSize=
#   JVM is running with Unscaled Compressed Oops mode in which the Java heap is
#     placed in the first 4GB address space. The Java Heap base address is the
#     maximum limit for the native heap growth. Please use -XX:HeapBaseMinAddress
#     to set the Java Heap base and to place the Java Heap above 4GB virtual address.
# This output file may be truncated or incomplete.
#
#  Out of Memory Error (os_windows.cpp:3766), pid=8852, tid=3768
#
# JRE version: OpenJDK Runtime Environment (25.0.2) (build 25.0.2+-15348964-b329.117)
# Java VM: OpenJDK 64-Bit Server VM (25.0.2+-15348964-b329.117, mixed mode, tiered, compressed oops, compressed class ptrs, g1 gc, windows-amd64)
# No core dump will be written. Minidumps are not enabled by default on client versions of Windows
#

---------------  S U M M A R Y ------------

Command Line: --add-opens=java.base/java.lang=ALL-UNNAMED --add-opens=java.base/java.lang.invoke=ALL-UNNAMED --add-opens=java.base/java.util=ALL-UNNAMED --add-opens=java.prefs/java.util.prefs=ALL-UNNAMED --add-exports=jdk.compiler/com.sun.tools.javac.api=ALL-UNNAMED --add-exports=jdk.compiler/com.sun.tools.javac.util=ALL-UNNAMED --add-opens=java.base/java.nio.charset=ALL-UNNAMED --add-opens=java.base/java.net=ALL-UNNAMED --add-opens=java.base/java.util.concurrent=ALL-UNNAMED --add-opens=java.base/java.util.concurrent.atomic=ALL-UNNAMED --add-opens=java.xml/javax.xml.namespace=ALL-UNNAMED --add-opens=java.base/java.time=ALL-UNNAMED --enable-native-access=ALL-UNNAMED -Xmx2048m -Dfile.encoding=UTF-8 -Duser.country=US -Duser.language=en -Duser.variant -javaagent:C:\Users\Abdullah\.gradle\wrapper\dists\gradle-9.5.0-bin\bvnork1r7n8i6kp5cnkibsc9q\gradle-9.5.0\lib\agents\gradle-instrumentation-agent-9.5.0.jar org.gradle.launcher.daemon.bootstrap.GradleDaemon 9.5.0

Host: Intel(R) Core(TM) i5-6500 CPU @ 3.20GHz, 4 cores, 15G,  Windows 10 , 64 bit Build 19041 (10.0.19041.7548)
Time: Tue Aug  4 11:34:31 2026 Pacific Daylight Time elapsed time: 41.311536 seconds (0d 0h 0m 41s)

---------------  T H R E A D  ---------------

Current thread (0x0000016ee894e030):  VMThread "VM Thread"          [id=3768, stack(0x000000572ad00000,0x000000572ae00000) (1024K)]

Stack: [0x000000572ad00000,0x000000572ae00000]
Native frames: (J=compiled Java code, j=interpreted, Vv=VM code, C=native code)
V  [jvm.dll+0x7bd439]  (no source info available)
V  [jvm.dll+0x78763d]  (no source info available)
V  [jvm.dll+0xa0c885]  (no source info available)
V  [jvm.dll+0xa0ef04]  (no source info available)
V  [jvm.dll+0xa0f603]  (no source info available)
V  [jvm.dll+0x309bf6]  (no source info available)
V  [jvm.dll+0x7b9545]  (no source info available)
V  [jvm.dll+0x7ac047]  (no source info available)
V  [jvm.dll+0x3fdeab]  (no source info available)
V  [jvm.dll+0x406066]  (no source info available)
V  [jvm.dll+0x3f2516]  (no source info available)
V  [jvm.dll+0x3f27f8]  (no source info available)
V  [jvm.dll+0x3c7b82]  (no source info available)
V  [jvm.dll+0x3c7c1a]  (no source info available)
V  [jvm.dll+0x4172d0]  (no source info available)
V  [jvm.dll+0x415bf1]  (no source info available)
V  [jvm.dll+0x3c72b7]  (no source info available)
V  [jvm.dll+0x41502f]  (no source info available)
V  [jvm.dll+0xa158ca]  (no source info available)
V  [jvm.dll+0xa16bd1]  (no source info available)
V  [jvm.dll+0xa17148]  (no source info available)
V  [jvm.dll+0xa173d3]  (no source info available)
V  [jvm.dll+0x9ab9c8]  (no source info available)
V  [jvm.dll+0x7bb985]  (no source info available)
C  [ucrtbase.dll+0x21bb2]  (no source info available)
C  [KERNEL32.DLL+0x17374]  (no source info available)
C  [ntdll.dll+0x4cc91]  (no source info available)

VM_Operation (0x000000572d3f8ea0): G1CollectForAllocation, mode: safepoint, requested by thread 0x0000016ef1f6ae10


---------------  P R O C E S S  ---------------

Threads class SMR info:
_java_thread_list=0x0000016ef401ab60, length=60, elements={
0x0000016ecf394fa0, 0x0000016ee8976310, 0x0000016ee89aac80, 0x0000016ee89ac0b0,
0x0000016ee89a7100, 0x0000016ee8987110, 0x0000016ee8987cd0, 0x0000016ee8988890,
0x0000016ee8989780, 0x0000016ee89aef40, 0x0000016ee8e3fba0, 0x0000016eef3ea0d0,
0x0000016ef0085280, 0x0000016eefe45ee0, 0x0000016eefe466a0, 0x0000016ef00a19f0,
0x0000016ef00a50a0, 0x0000016ef00a2990, 0x0000016ef00a3160, 0x0000016ef00a4100,
0x0000016ef00a5870, 0x0000016ef00a6040, 0x0000016ee89da4d0, 0x0000016ef003c0f0,
0x0000016ef003e030, 0x0000016ef003d860, 0x0000016ef003e800, 0x0000016ef0039210,
0x0000016ef022cdd0, 0x0000016ef022f4e0, 0x0000016ef022be30, 0x0000016ef022a6c0,
0x0000016ef003a980, 0x0000016ef1f70400, 0x0000016ef1f6ae10, 0x0000016ef1f6b5e0,
0x0000016ef1f68ed0, 0x0000016ef022fcb0, 0x0000016ef2302760, 0x0000016eed06deb0,
0x0000016eed06c740, 0x0000016eed06a030, 0x0000016eed06b7a0, 0x0000016eed06bf70,
0x0000016ef10fc170, 0x0000016ef919df50, 0x0000016ef91a25a0, 0x0000016ef91a2d70,
0x0000016ef91a3540, 0x0000016eed175e40, 0x0000016eed172790, 0x0000016eed178d20,
0x0000016eed176610, 0x0000016eed177d80, 0x0000016ef919fe90, 0x0000016ef1f6d520,
0x0000016ef97665f0, 0x0000016ef9761fa0, 0x0000016ef97646b0, 0x0000016ef9768d00
}

Java Threads: ( => current thread )
  0x0000016ecf394fa0 JavaThread "main"                              [_thread_blocked, id=18064, stack(0x000000572a600000,0x000000572a700000) (1024K)]
  0x0000016ee8976310 JavaThread "Common-Cleaner"             daemon [_thread_blocked, id=15196, stack(0x000000572ae00000,0x000000572af00000) (1024K)]
  0x0000016ee89aac80 JavaThread "Reference Handler"          daemon [_thread_blocked, id=10476, stack(0x000000572af00000,0x000000572b000000) (1024K)]
  0x0000016ee89ac0b0 JavaThread "Finalizer"                  daemon [_thread_blocked, id=10780, stack(0x000000572b000000,0x000000572b100000) (1024K)]
  0x0000016ee89a7100 JavaThread "Signal Dispatcher"          daemon [_thread_blocked, id=3840, stack(0x000000572b100000,0x000000572b200000) (1024K)]
  0x0000016ee8987110 JavaThread "Attach Listener"            daemon [_thread_blocked, id=19104, stack(0x000000572b200000,0x000000572b300000) (1024K)]
  0x0000016ee8987cd0 JavaThread "Service Thread"             daemon [_thread_blocked, id=15764, stack(0x000000572b300000,0x000000572b400000) (1024K)]
  0x0000016ee8988890 JavaThread "Monitor Deflation Thread"   daemon [_thread_blocked, id=16372, stack(0x000000572b400000,0x000000572b500000) (1024K)]
  0x0000016ee8989780 JavaThread "C2 CompilerThread0"         daemon [_thread_in_native, id=13896, stack(0x000000572b500000,0x000000572b600000) (1024K)]
  0x0000016ee89aef40 JavaThread "C1 CompilerThread0"         daemon [_thread_blocked, id=18004, stack(0x000000572b600000,0x000000572b700000) (1024K)]
  0x0000016ee8e3fba0 JavaThread "Notification Thread"        daemon [_thread_blocked, id=14932, stack(0x000000572b700000,0x000000572b800000) (1024K)]
  0x0000016eef3ea0d0 JavaThread "Daemon health stats"               [_thread_blocked, id=16204, stack(0x000000572bc00000,0x000000572bd00000) (1024K)]
  0x0000016ef0085280 JavaThread "Incoming local TCP Connector on port 49477"        [_thread_in_native, id=9960, stack(0x000000572bd00000,0x000000572be00000) (1024K)]
  0x0000016eefe45ee0 JavaThread "Daemon periodic checks"            [_thread_blocked, id=13904, stack(0x000000572be00000,0x000000572bf00000) (1024K)]
  0x0000016eefe466a0 JavaThread "Daemon"                            [_thread_blocked, id=16452, stack(0x000000572bf00000,0x000000572c000000) (1024K)]
  0x0000016ef00a19f0 JavaThread "Handler for socket connection from /127.0.0.1:49477 to /127.0.0.1:49478"        [_thread_in_native, id=15696, stack(0x000000572c000000,0x000000572c100000) (1024K)]
  0x0000016ef00a50a0 JavaThread "Cancel handler"                    [_thread_blocked, id=220, stack(0x000000572c100000,0x000000572c200000) (1024K)]
  0x0000016ef00a2990 JavaThread "Daemon worker"                     [_thread_blocked, id=6304, stack(0x000000572c200000,0x000000572c300000) (1024K)]
  0x0000016ef00a3160 JavaThread "Asynchronous log dispatcher for DefaultDaemonConnection: socket connection from /127.0.0.1:49477 to /127.0.0.1:49478"        [_thread_blocked, id=5500, stack(0x000000572c300000,0x000000572c400000) (1024K)]
  0x0000016ef00a4100 JavaThread "Stdin handler"                     [_thread_blocked, id=5516, stack(0x000000572c400000,0x000000572c500000) (1024K)]
  0x0000016ef00a5870 JavaThread "Daemon client event forwarder"        [_thread_blocked, id=12796, stack(0x000000572c500000,0x000000572c600000) (1024K)]
  0x0000016ef00a6040 JavaThread "Cache worker for journal cache (C:\Users\Abdullah\.gradle\caches\journal-1)"        [_thread_blocked, id=18796, stack(0x000000572b800000,0x000000572b900000) (1024K)]
  0x0000016ee89da4d0 JavaThread "File lock request listener"        [_thread_in_native, id=13868, stack(0x000000572c600000,0x000000572c700000) (1024K)]
  0x0000016ef003c0f0 JavaThread "Cache worker for file hash cache (C:\Users\Abdullah\.gradle\caches\9.5.0\fileHashes)"        [_thread_blocked, id=11600, stack(0x000000572c700000,0x000000572c800000) (1024K)]
  0x0000016ef003e030 JavaThread "Cache worker for file hash cache (C:\Users\Abdullah\AndroidStudioProjects\SwiftTrack\.gradle\9.5.0\fileHashes)"        [_thread_blocked, id=13932, stack(0x000000572c900000,0x000000572ca00000) (1024K)]
  0x0000016ef003d860 JavaThread "Cache worker for checksums cache (C:\Users\Abdullah\AndroidStudioProjects\SwiftTrack\.gradle\9.5.0\checksums)"        [_thread_blocked, id=11536, stack(0x000000572ca00000,0x000000572cb00000) (1024K)]
  0x0000016ef003e800 JavaThread "Cache worker for Build Output Cleanup Cache (C:\Users\Abdullah\AndroidStudioProjects\SwiftTrack\.gradle\buildOutputCleanup)"        [_thread_blocked, id=2644, stack(0x000000572cb00000,0x000000572cc00000) (1024K)]
  0x0000016ef0039210 JavaThread "Cache worker for file content cache (C:\Users\Abdullah\.gradle\caches\9.5.0\fileContent)"        [_thread_blocked, id=14136, stack(0x000000572cc00000,0x000000572cd00000) (1024K)]
  0x0000016ef022cdd0 JavaThread "File watcher server"        daemon [_thread_blocked, id=8772, stack(0x000000572cd00000,0x000000572ce00000) (1024K)]
  0x0000016ef022f4e0 JavaThread "File watcher consumer"      daemon [_thread_blocked, id=15432, stack(0x000000572ce00000,0x000000572cf00000) (1024K)]
  0x0000016ef022be30 JavaThread "Cache worker for cache directory md-supplier (C:\Users\Abdullah\.gradle\caches\9.5.0\md-supplier)"        [_thread_blocked, id=18016, stack(0x000000572cf00000,0x000000572d000000) (1024K)]
  0x0000016ef022a6c0 JavaThread "Cache worker for cache directory md-rule (C:\Users\Abdullah\.gradle\caches\9.5.0\md-rule)"        [_thread_blocked, id=11508, stack(0x000000572d000000,0x000000572d100000) (1024K)]
  0x0000016ef003a980 JavaThread "Build operations"                  [_thread_blocked, id=18324, stack(0x000000572d100000,0x000000572d200000) (1024K)]
  0x0000016ef1f70400 JavaThread "Build operations Thread 2"         [_thread_blocked, id=16888, stack(0x000000572d200000,0x000000572d300000) (1024K)]
  0x0000016ef1f6ae10 JavaThread "Build operations Thread 3"         [_thread_blocked, id=8780, stack(0x000000572d300000,0x000000572d400000) (1024K)]
  0x0000016ef1f6b5e0 JavaThread "Configuration cache report writer"        [_thread_blocked, id=4156, stack(0x000000572c800000,0x000000572c900000) (1024K)]
  0x0000016ef1f68ed0 JavaThread "Build operations Thread 4"         [_thread_blocked, id=17908, stack(0x000000572d400000,0x000000572d500000) (1024K)]
  0x0000016ef022fcb0 JavaThread "Memory manager"                    [_thread_blocked, id=14212, stack(0x000000572d500000,0x000000572d600000) (1024K)]
  0x0000016ef2302760 JavaThread "build event listener"              [_thread_blocked, id=16076, stack(0x000000572d700000,0x000000572d800000) (1024K)]
  0x0000016eed06deb0 JavaThread "pool-3-thread-1"                   [_thread_blocked, id=18920, stack(0x000000572d800000,0x000000572d900000) (1024K)]
  0x0000016eed06c740 JavaThread "build event listener"              [_thread_blocked, id=19424, stack(0x000000572d900000,0x000000572da00000) (1024K)]
  0x0000016eed06a030 JavaThread "Exec process"                      [_thread_blocked, id=19292, stack(0x000000572da00000,0x000000572db00000) (1024K)]
  0x0000016eed06b7a0 JavaThread "Exec process Thread 2"             [_thread_blocked, id=14908, stack(0x000000572db00000,0x000000572dc00000) (1024K)]
  0x0000016eed06bf70 JavaThread "Exec process Thread 3"             [_thread_blocked, id=14460, stack(0x000000572dc00000,0x000000572dd00000) (1024K)]
  0x0000016ef10fc170 JavaThread "C2 CompilerThread1"         daemon [_thread_in_native, id=18116, stack(0x000000572a400000,0x000000572a500000) (1024K)]
  0x0000016ef919df50 JavaThread "included builds"                   [_thread_blocked, id=17656, stack(0x000000572d600000,0x000000572d700000) (1024K)]
  0x0000016ef91a25a0 JavaThread "Execution worker"                  [_thread_blocked, id=4624, stack(0x000000572dd00000,0x000000572de00000) (1024K)]
  0x0000016ef91a2d70 JavaThread "Execution worker Thread 2"         [_thread_blocked, id=17432, stack(0x000000572de00000,0x000000572df00000) (1024K)]
  0x0000016ef91a3540 JavaThread "Execution worker Thread 3"         [_thread_blocked, id=8992, stack(0x000000572df00000,0x000000572e000000) (1024K)]
  0x0000016eed175e40 JavaThread "Cache worker for execution history cache (C:\Users\Abdullah\AndroidStudioProjects\SwiftTrack\.gradle\9.5.0\executionHistory)"        [_thread_blocked, id=9144, stack(0x000000572e000000,0x000000572e100000) (1024K)]
  0x0000016eed172790 JavaThread "WorkerExecutor Queue"              [_thread_blocked, id=15060, stack(0x000000572e100000,0x000000572e200000) (1024K)]
  0x0000016eed178d20 JavaThread "WorkerExecutor Queue Thread 2"        [_thread_blocked, id=6076, stack(0x000000572e200000,0x000000572e300000) (1024K)]
  0x0000016eed176610 JavaThread "WorkerExecutor Queue Thread 3"        [_thread_blocked, id=2628, stack(0x000000572e300000,0x000000572e400000) (1024K)]
  0x0000016eed177d80 JavaThread "WorkerExecutor Queue Thread 4"        [_thread_blocked, id=18596, stack(0x000000572e400000,0x000000572e500000) (1024K)]
  0x0000016ef919fe90 JavaThread "ForkJoinPool-1-worker-1"    daemon [_thread_blocked, id=3632, stack(0x000000572e500000,0x000000572e600000) (1024K)]
  0x0000016ef1f6d520 JavaThread "ForkJoinPool-1-worker-2"    daemon [_thread_blocked, id=16044, stack(0x000000572e600000,0x000000572e700000) (1024K)]
  0x0000016ef97665f0 JavaThread "ForkJoinPool-1-worker-4"    daemon [_thread_blocked, id=16380, stack(0x000000572e700000,0x000000572e800000) (1024K)]
  0x0000016ef9761fa0 JavaThread "ForkJoinPool-1-worker-3"    daemon [_thread_blocked, id=11028, stack(0x000000572e800000,0x000000572e900000) (1024K)]
  0x0000016ef97646b0 JavaThread "WorkerExecutor Queue Thread 5"        [_thread_blocked, id=248, stack(0x000000572e900000,0x000000572ea00000) (1024K)]
  0x0000016ef9768d00 JavaThread "Cache worker for Java compile cache (C:\Users\Abdullah\.gradle\caches\9.5.0\javaCompile)"        [_thread_blocked, id=11424, stack(0x000000572ea00000,0x000000572eb00000) (1024K)]
Total: 60

Other Threads:
=>0x0000016ee894e030 VMThread "VM Thread"                           [id=3768, stack(0x000000572ad00000,0x000000572ae00000) (1024K)]
  0x0000016ee8910460 WatcherThread "VM Periodic Task Thread"        [id=1248, stack(0x000000572ac00000,0x000000572ad00000) (1024K)]
  0x0000016ed16c6710 WorkerThread "GC Thread#0"                     [id=6548, stack(0x000000572a700000,0x000000572a800000) (1024K)]
  0x0000016eedea1fd0 WorkerThread "GC Thread#1"                     [id=16092, stack(0x000000572b900000,0x000000572ba00000) (1024K)]
  0x0000016eedea8fe0 WorkerThread "GC Thread#2"                     [id=12728, stack(0x000000572ba00000,0x000000572bb00000) (1024K)]
  0x0000016eedea9410 WorkerThread "GC Thread#3"                     [id=3588, stack(0x000000572bb00000,0x000000572bc00000) (1024K)]
  0x0000016ed16df690 ConcurrentGCThread "G1 Main Marker"            [id=9284, stack(0x000000572a800000,0x000000572a900000) (1024K)]
  0x0000016ed16e08f0 WorkerThread "G1 Conc#0"                       [id=15240, stack(0x000000572a900000,0x000000572aa00000) (1024K)]
  0x0000016ed1722e20 ConcurrentGCThread "G1 Refine#0"               [id=10576, stack(0x000000572aa00000,0x000000572ab00000) (1024K)]
  0x0000016ed17238e0 ConcurrentGCThread "G1 Service"                [id=2028, stack(0x000000572ab00000,0x000000572ac00000) (1024K)]
Total: 10

Threads with active compile tasks:
C2 CompilerThread0  41457 17020       4       com.android.tools.r8.internal.dv::a (4509 bytes)
C2 CompilerThread1  41457 17140 %     4       com.android.tools.r8.internal.dv::a @ 2586 (6696 bytes)
Total: 2

VM state: at safepoint (normal execution)

VM Mutex/Monitor currently owned by a thread:  ([mutex/lock_event])
[0x00007ffbc7864698] Threads_lock - owner thread: 0x0000016ee894e030
[0x00007ffbc7864818] Heap_lock - owner thread: 0x0000016ef1f6ae10

Heap address: 0x0000000080000000, size: 2048 MB, Compressed Oops mode: 32-bit

CDS archive(s) not mapped
Compressed class space mapped at: 0x0000000019000000-0x0000000059000000, reserved size: 1073741824
UseCompressedClassPointers 1, UseCompactObjectHeaders 0
Narrow klass pointer bits 32, Max shift 3
Narrow klass base: 0x0000000000000000, Narrow klass shift: 0
Encoding Range: [0x0000000000000000 - 0x0000000100000000), (4294967296 bytes)
Klass Range:    [0x0000000019000000 - 0x0000000059000000), (1073741824 bytes)
Klass ID Range:  [419430400 - 1493172217) (1073741817)
No protection zone.

GC Precious Log:
 CardTable entry size: 512
 Card Set container configuration: InlinePtr #cards 5 size 8 Array Of Cards #cards 10 size 36 Howl #buckets 4 coarsen threshold 1843 Howl Bitmap #cards 512 size 80 coarsen threshold 460 Card regions per heap region 1 cards per card region 2048
 CPUs: 4 total, 4 available
 Memory: 16308M
 Large Page Support: Disabled
 NUMA Support: Disabled
 Compressed Oops: Enabled (32-bit)
 Heap Region Size: 1M
 Heap Min Capacity: 8M
 Heap Initial Capacity: 256M
 Heap Max Capacity: 2G
 Pre-touch: Disabled
 Parallel Workers: 4
 Concurrent Workers: 1
 Concurrent Refinement Workers: 4
 Periodic GC: Disabled

Heap:
 garbage-first heap   total reserved 2097152K, committed 335872K, used 208879K [0x0000000080000000, 0x0000000100000000)
  region size 1024K, 12 young (12288K), 12 survivors (12288K)

Heap Regions: E=young(eden), S=young(survivor), O=old, HS=humongous(starts), HC=humongous(continues), CS=collection set, F=free, TAMS=top-at-mark-start, PB=parsable bottom
|   0|0x0000000080000000, 0x0000000080100000, 0x0000000080100000|100%|HS|  |TAMS 0x0000000080000000| PB 0x0000000080000000| Complete |  0
|   1|0x0000000080100000, 0x0000000080200000, 0x0000000080200000|100%|HC|  |TAMS 0x0000000080100000| PB 0x0000000080100000| Complete |  0
|   2|0x0000000080200000, 0x0000000080300000, 0x0000000080300000|100%|HC|  |TAMS 0x0000000080200000| PB 0x0000000080200000| Complete |  0
|   3|0x0000000080300000, 0x0000000080400000, 0x0000000080400000|100%|HC|  |TAMS 0x0000000080300000| PB 0x0000000080300000| Complete |  0
|   4|0x0000000080400000, 0x0000000080500000, 0x0000000080500000|100%| O|  |TAMS 0x0000000080400000| PB 0x0000000080400000| Untracked |  0
|   5|0x0000000080500000, 0x0000000080600000, 0x0000000080600000|100%| O|  |TAMS 0x0000000080500000| PB 0x0000000080500000| Untracked |  0
|   6|0x0000000080600000, 0x00000000806fbcf8, 0x0000000080700000| 98%| O|  |TAMS 0x0000000080600000| PB 0x0000000080600000| Untracked |  0
|   7|0x0000000080700000, 0x0000000080800000, 0x0000000080800000|100%|HS|  |TAMS 0x0000000080700000| PB 0x0000000080700000| Complete |  0
|   8|0x0000000080800000, 0x0000000080900000, 0x0000000080900000|100%| O|  |TAMS 0x0000000080800000| PB 0x0000000080800000| Untracked |  0
|   9|0x0000000080900000, 0x0000000080a00000, 0x0000000080a00000|100%| O|  |TAMS 0x0000000080900000| PB 0x0000000080900000| Untracked |  0
|  10|0x0000000080a00000, 0x0000000080b00000, 0x0000000080b00000|100%| O|  |TAMS 0x0000000080a00000| PB 0x0000000080a00000| Untracked |  0
|  11|0x0000000080b00000, 0x0000000080c00000, 0x0000000080c00000|100%| O|  |TAMS 0x0000000080b00000| PB 0x0000000080b00000| Untracked |  0
|  12|0x0000000080c00000, 0x0000000080d00000, 0x0000000080d00000|100%| O|  |TAMS 0x0000000080c00000| PB 0x0000000080c00000| Untracked |  0
|  13|0x0000000080d00000, 0x0000000080e00000, 0x0000000080e00000|100%| O|  |TAMS 0x0000000080d00000| PB 0x0000000080d00000| Untracked |  0
|  14|0x0000000080e00000, 0x0000000080f00000, 0x0000000080f00000|100%| O|  |TAMS 0x0000000080e00000| PB 0x0000000080e00000| Untracked |  0
|  15|0x0000000080f00000, 0x0000000081000000, 0x0000000081000000|100%| O|  |TAMS 0x0000000080f00000| PB 0x0000000080f00000| Untracked |  0
|  16|0x0000000081000000, 0x0000000081100000, 0x0000000081100000|100%| O|  |TAMS 0x0000000081000000| PB 0x0000000081000000| Untracked |  0
|  17|0x0000000081100000, 0x0000000081200000, 0x0000000081200000|100%| O|  |TAMS 0x0000000081100000| PB 0x0000000081100000| Untracked |  0
|  18|0x0000000081200000, 0x0000000081300000, 0x0000000081300000|100%| O|  |TAMS 0x0000000081200000| PB 0x0000000081200000| Untracked |  0
|  19|0x0000000081300000, 0x0000000081400000, 0x0000000081400000|100%| O|  |TAMS 0x0000000081300000| PB 0x0000000081300000| Untracked |  0
|  20|0x0000000081400000, 0x0000000081500000, 0x0000000081500000|100%| O|  |TAMS 0x0000000081400000| PB 0x0000000081400000| Untracked |  0
|  21|0x0000000081500000, 0x0000000081600000, 0x0000000081600000|100%| O|  |TAMS 0x0000000081500000| PB 0x0000000081500000| Untracked |  0
|  22|0x0000000081600000, 0x0000000081700000, 0x0000000081700000|100%| O|  |TAMS 0x0000000081600000| PB 0x0000000081600000| Untracked |  0
|  23|0x0000000081700000, 0x0000000081800000, 0x0000000081800000|100%| O|  |TAMS 0x0000000081700000| PB 0x0000000081700000| Untracked |  0
|  24|0x0000000081800000, 0x0000000081900000, 0x0000000081900000|100%| O|  |TAMS 0x0000000081800000| PB 0x0000000081800000| Untracked |  0
|  25|0x0000000081900000, 0x0000000081a00000, 0x0000000081a00000|100%| O|  |TAMS 0x0000000081900000| PB 0x0000000081900000| Untracked |  0
|  26|0x0000000081a00000, 0x0000000081b00000, 0x0000000081b00000|100%| O|  |TAMS 0x0000000081a00000| PB 0x0000000081a00000| Untracked |  0
|  27|0x0000000081b00000, 0x0000000081c00000, 0x0000000081c00000|100%| O|  |TAMS 0x0000000081b00000| PB 0x0000000081b00000| Untracked |  0
|  28|0x0000000081c00000, 0x0000000081d00000, 0x0000000081d00000|100%| O|  |TAMS 0x0000000081c00000| PB 0x0000000081c00000| Untracked |  0
|  29|0x0000000081d00000, 0x0000000081e00000, 0x0000000081e00000|100%| O|  |TAMS 0x0000000081d00000| PB 0x0000000081d00000| Untracked |  0
|  30|0x0000000081e00000, 0x0000000081f00000, 0x0000000081f00000|100%| O|  |TAMS 0x0000000081e00000| PB 0x0000000081e00000| Untracked |  0
|  31|0x0000000081f00000, 0x0000000082000000, 0x0000000082000000|100%| O|  |TAMS 0x0000000081f00000| PB 0x0000000081f00000| Untracked |  0
|  32|0x0000000082000000, 0x0000000082100000, 0x0000000082100000|100%| O|  |TAMS 0x0000000082000000| PB 0x0000000082000000| Untracked |  0
|  33|0x0000000082100000, 0x0000000082200000, 0x0000000082200000|100%| O|  |TAMS 0x0000000082100000| PB 0x0000000082100000| Untracked |  0
|  34|0x0000000082200000, 0x0000000082300000, 0x0000000082300000|100%| O|  |TAMS 0x0000000082200000| PB 0x0000000082200000| Untracked |  0
|  35|0x0000000082300000, 0x0000000082400000, 0x0000000082400000|100%| O|  |TAMS 0x0000000082300000| PB 0x0000000082300000| Untracked |  0
|  36|0x0000000082400000, 0x0000000082500000, 0x0000000082500000|100%| O|  |TAMS 0x0000000082400000| PB 0x0000000082400000| Untracked |  0
|  37|0x0000000082500000, 0x0000000082600000, 0x0000000082600000|100%| O|  |TAMS 0x0000000082500000| PB 0x0000000082500000| Untracked |  0
|  38|0x0000000082600000, 0x0000000082700000, 0x0000000082700000|100%| O|  |TAMS 0x0000000082600000| PB 0x0000000082600000| Untracked |  0
|  39|0x0000000082700000, 0x0000000082800000, 0x0000000082800000|100%| O|  |TAMS 0x0000000082700000| PB 0x0000000082700000| Untracked |  0
|  40|0x0000000082800000, 0x0000000082900000, 0x0000000082900000|100%| O|  |TAMS 0x0000000082800000| PB 0x0000000082800000| Untracked |  0
|  41|0x0000000082900000, 0x0000000082a00000, 0x0000000082a00000|100%| O|  |TAMS 0x0000000082900000| PB 0x0000000082900000| Untracked |  0
|  42|0x0000000082a00000, 0x0000000082b00000, 0x0000000082b00000|100%|HS|  |TAMS 0x0000000082a00000| PB 0x0000000082a00000| Complete |  0
|  43|0x0000000082b00000, 0x0000000082c00000, 0x0000000082c00000|100%| O|  |TAMS 0x0000000082b00000| PB 0x0000000082b00000| Untracked |  0
|  44|0x0000000082c00000, 0x0000000082d00000, 0x0000000082d00000|100%| O|  |TAMS 0x0000000082c00000| PB 0x0000000082c00000| Untracked |  0
|  45|0x0000000082d00000, 0x0000000082e00000, 0x0000000082e00000|100%| O|  |TAMS 0x0000000082d00000| PB 0x0000000082d00000| Untracked |  0
|  46|0x0000000082e00000, 0x0000000082f00000, 0x0000000082f00000|100%|HS|  |TAMS 0x0000000082e00000| PB 0x0000000082e00000| Complete |  0
|  47|0x0000000082f00000, 0x0000000083000000, 0x0000000083000000|100%|HS|  |TAMS 0x0000000082f00000| PB 0x0000000082f00000| Complete |  0
|  48|0x0000000083000000, 0x0000000083100000, 0x0000000083100000|100%| O|  |TAMS 0x0000000083000000| PB 0x0000000083000000| Untracked |  0
|  49|0x0000000083100000, 0x0000000083200000, 0x0000000083200000|100%| O|  |TAMS 0x0000000083100000| PB 0x0000000083100000| Untracked |  0
|  50|0x0000000083200000, 0x0000000083300000, 0x0000000083300000|100%| O|  |TAMS 0x0000000083200000| PB 0x0000000083200000| Untracked |  0
|  51|0x0000000083300000, 0x0000000083300000, 0x0000000083400000|  0%| F|  |TAMS 0x0000000083300000| PB 0x0000000083300000| Untracked |  0
|  52|0x0000000083400000, 0x0000000083500000, 0x0000000083500000|100%| O|  |TAMS 0x0000000083400000| PB 0x0000000083400000| Untracked |  0
|  53|0x0000000083500000, 0x0000000083600000, 0x0000000083600000|100%|HS|  |TAMS 0x0000000083500000| PB 0x0000000083500000| Complete |  0
|  54|0x0000000083600000, 0x0000000083700000, 0x0000000083700000|100%|HC|  |TAMS 0x0000000083600000| PB 0x0000000083600000| Complete |  0
|  55|0x0000000083700000, 0x0000000083800000, 0x0000000083800000|100%|HS|  |TAMS 0x0000000083700000| PB 0x0000000083700000| Complete |  0
|  56|0x0000000083800000, 0x0000000083900000, 0x0000000083900000|100%|HS|  |TAMS 0x0000000083800000| PB 0x0000000083800000| Complete |  0
|  57|0x0000000083900000, 0x0000000083a00000, 0x0000000083a00000|100%|HS|  |TAMS 0x0000000083900000| PB 0x0000000083900000| Complete |  0
|  58|0x0000000083a00000, 0x0000000083b00000, 0x0000000083b00000|100%| O|  |TAMS 0x0000000083a00000| PB 0x0000000083a00000| Untracked |  0
|  59|0x0000000083b00000, 0x0000000083c00000, 0x0000000083c00000|100%|HS|  |TAMS 0x0000000083b00000| PB 0x0000000083b00000| Complete |  0
|  60|0x0000000083c00000, 0x0000000083d00000, 0x0000000083d00000|100%| O|  |TAMS 0x0000000083c00000| PB 0x0000000083c00000| Untracked |  0
|  61|0x0000000083d00000, 0x0000000083e00000, 0x0000000083e00000|100%| O|  |TAMS 0x0000000083d00000| PB 0x0000000083d00000| Untracked |  0
|  62|0x0000000083e00000, 0x0000000083e00000, 0x0000000083f00000|  0%| F|  |TAMS 0x0000000083e00000| PB 0x0000000083e00000| Untracked |  0
|  63|0x0000000083f00000, 0x0000000084000000, 0x0000000084000000|100%|HS|  |TAMS 0x0000000083f00000| PB 0x0000000083f00000| Complete |  0
|  64|0x0000000084000000, 0x0000000084100000, 0x0000000084100000|100%| O|  |TAMS 0x0000000084000000| PB 0x0000000084000000| Untracked |  0
|  65|0x0000000084100000, 0x0000000084200000, 0x0000000084200000|100%|HS|  |TAMS 0x0000000084100000| PB 0x0000000084100000| Complete |  0
|  66|0x0000000084200000, 0x0000000084300000, 0x0000000084300000|100%|HC|  |TAMS 0x0000000084200000| PB 0x0000000084200000| Complete |  0
|  67|0x0000000084300000, 0x0000000084400000, 0x0000000084400000|100%| O|  |TAMS 0x0000000084300000| PB 0x0000000084300000| Untracked |  0
|  68|0x0000000084400000, 0x0000000084500000, 0x0000000084500000|100%| O|  |TAMS 0x0000000084400000| PB 0x0000000084400000| Untracked |  0
|  69|0x0000000084500000, 0x0000000084600000, 0x0000000084600000|100%| O|  |TAMS 0x0000000084500000| PB 0x0000000084500000| Untracked |  0
|  70|0x0000000084600000, 0x0000000084700000, 0x0000000084700000|100%| O|  |TAMS 0x0000000084600000| PB 0x0000000084600000| Untracked |  0
|  71|0x0000000084700000, 0x0000000084800000, 0x0000000084800000|100%| O|  |TAMS 0x0000000084700000| PB 0x0000000084700000| Untracked |  0
|  72|0x0000000084800000, 0x0000000084900000, 0x0000000084900000|100%| O|  |TAMS 0x0000000084800000| PB 0x0000000084800000| Untracked |  0
|  73|0x0000000084900000, 0x0000000084a00000, 0x0000000084a00000|100%| O|  |TAMS 0x0000000084900000| PB 0x0000000084900000| Untracked |  0
|  74|0x0000000084a00000, 0x0000000084b00000, 0x0000000084b00000|100%| O|  |TAMS 0x0000000084a00000| PB 0x0000000084a00000| Untracked |  0
|  75|0x0000000084b00000, 0x0000000084c00000, 0x0000000084c00000|100%| O|  |TAMS 0x0000000084b00000| PB 0x0000000084b00000| Untracked |  0
|  76|0x0000000084c00000, 0x0000000084d00000, 0x0000000084d00000|100%| O|  |TAMS 0x0000000084c00000| PB 0x0000000084c00000| Untracked |  0
|  77|0x0000000084d00000, 0x0000000084e00000, 0x0000000084e00000|100%|HS|  |TAMS 0x0000000084d00000| PB 0x0000000084d00000| Complete |  0
|  78|0x0000000084e00000, 0x0000000084f00000, 0x0000000084f00000|100%| O|  |TAMS 0x0000000084e00000| PB 0x0000000084e00000| Untracked |  0
|  79|0x0000000084f00000, 0x0000000085000000, 0x0000000085000000|100%| O|  |TAMS 0x0000000084f00000| PB 0x0000000084f00000| Untracked |  0
|  80|0x0000000085000000, 0x0000000085100000, 0x0000000085100000|100%| O|  |TAMS 0x0000000085000000| PB 0x0000000085000000| Untracked |  0
|  81|0x0000000085100000, 0x0000000085200000, 0x0000000085200000|100%| O|  |TAMS 0x0000000085100000| PB 0x0000000085100000| Untracked |  0
|  82|0x0000000085200000, 0x0000000085300000, 0x0000000085300000|100%| O|  |TAMS 0x0000000085200000| PB 0x0000000085200000| Untracked |  0
|  83|0x0000000085300000, 0x0000000085400000, 0x0000000085400000|100%| O|  |TAMS 0x0000000085300000| PB 0x0000000085300000| Untracked |  0
|  84|0x0000000085400000, 0x0000000085500000, 0x0000000085500000|100%| O|  |TAMS 0x0000000085400000| PB 0x0000000085400000| Untracked |  0
|  85|0x0000000085500000, 0x0000000085600000, 0x0000000085600000|100%| O|  |TAMS 0x0000000085500000| PB 0x0000000085500000| Untracked |  0
|  86|0x0000000085600000, 0x0000000085700000, 0x0000000085700000|100%| O|  |TAMS 0x0000000085600000| PB 0x0000000085600000| Untracked |  0
|  87|0x0000000085700000, 0x0000000085800000, 0x0000000085800000|100%| O|  |TAMS 0x0000000085700000| PB 0x0000000085700000| Untracked |  0
|  88|0x0000000085800000, 0x0000000085900000, 0x0000000085900000|100%| O|  |TAMS 0x0000000085800000| PB 0x0000000085800000| Untracked |  0
|  89|0x0000000085900000, 0x0000000085a00000, 0x0000000085a00000|100%| O|  |TAMS 0x0000000085900000| PB 0x0000000085900000| Untracked |  0
|  90|0x0000000085a00000, 0x0000000085b00000, 0x0000000085b00000|100%| O|  |TAMS 0x0000000085a00000| PB 0x0000000085a00000| Untracked |  0
|  91|0x0000000085b00000, 0x0000000085c00000, 0x0000000085c00000|100%| O|  |TAMS 0x0000000085b00000| PB 0x0000000085b00000| Untracked |  0
|  92|0x0000000085c00000, 0x0000000085d00000, 0x0000000085d00000|100%| O|  |TAMS 0x0000000085c00000| PB 0x0000000085c00000| Untracked |  0
|  93|0x0000000085d00000, 0x0000000085e00000, 0x0000000085e00000|100%| O|  |TAMS 0x0000000085d00000| PB 0x0000000085d00000| Untracked |  0
|  94|0x0000000085e00000, 0x0000000085f00000, 0x0000000085f00000|100%| O|  |TAMS 0x0000000085e00000| PB 0x0000000085e00000| Untracked |  0
|  95|0x0000000085f00000, 0x0000000086000000, 0x0000000086000000|100%| O|  |TAMS 0x0000000085f00000| PB 0x0000000085f00000| Untracked |  0
|  96|0x0000000086000000, 0x0000000086100000, 0x0000000086100000|100%| O|  |TAMS 0x0000000086000000| PB 0x0000000086000000| Untracked |  0
|  97|0x0000000086100000, 0x0000000086200000, 0x0000000086200000|100%| O|  |TAMS 0x0000000086100000| PB 0x0000000086100000| Untracked |  0
|  98|0x0000000086200000, 0x0000000086300000, 0x0000000086300000|100%| O|  |TAMS 0x0000000086200000| PB 0x0000000086200000| Untracked |  0
|  99|0x0000000086300000, 0x0000000086400000, 0x0000000086400000|100%| O|  |TAMS 0x0000000086300000| PB 0x0000000086300000| Untracked |  0
| 100|0x0000000086400000, 0x0000000086400000, 0x0000000086500000|  0%| F|  |TAMS 0x0000000086400000| PB 0x0000000086400000| Untracked |  0
| 101|0x0000000086500000, 0x0000000086600000, 0x0000000086600000|100%| O|  |TAMS 0x0000000086500000| PB 0x0000000086500000| Untracked |  0
| 102|0x0000000086600000, 0x0000000086700000, 0x0000000086700000|100%| O|  |TAMS 0x0000000086600000| PB 0x0000000086600000| Untracked |  0
| 103|0x0000000086700000, 0x0000000086800000, 0x0000000086800000|100%| O|  |TAMS 0x0000000086700000| PB 0x0000000086700000| Untracked |  0
| 104|0x0000000086800000, 0x0000000086900000, 0x0000000086900000|100%| O|  |TAMS 0x0000000086800000| PB 0x0000000086800000| Untracked |  0
| 105|0x0000000086900000, 0x0000000086a00000, 0x0000000086a00000|100%| O|  |TAMS 0x0000000086900000| PB 0x0000000086900000| Untracked |  0
| 106|0x0000000086a00000, 0x0000000086b00000, 0x0000000086b00000|100%| O|  |TAMS 0x0000000086a00000| PB 0x0000000086a00000| Untracked |  0
| 107|0x0000000086b00000, 0x0000000086c00000, 0x0000000086c00000|100%| O|  |TAMS 0x0000000086b00000| PB 0x0000000086b00000| Untracked |  0
| 108|0x0000000086c00000, 0x0000000086d00000, 0x0000000086d00000|100%| O|  |TAMS 0x0000000086c00000| PB 0x0000000086c00000| Untracked |  0
| 109|0x0000000086d00000, 0x0000000086e00000, 0x0000000086e00000|100%| O|  |TAMS 0x0000000086d00000| PB 0x0000000086d00000| Untracked |  0
| 110|0x0000000086e00000, 0x0000000086f00000, 0x0000000086f00000|100%| O|  |TAMS 0x0000000086e00000| PB 0x0000000086e00000| Untracked |  0
| 111|0x0000000086f00000, 0x0000000087000000, 0x0000000087000000|100%| O|  |TAMS 0x0000000086f00000| PB 0x0000000086f00000| Untracked |  0
| 112|0x0000000087000000, 0x0000000087100000, 0x0000000087100000|100%| O|  |TAMS 0x0000000087000000| PB 0x0000000087000000| Untracked |  0
| 113|0x0000000087100000, 0x0000000087200000, 0x0000000087200000|100%| O|  |TAMS 0x0000000087100000| PB 0x0000000087100000| Untracked |  0
| 114|0x0000000087200000, 0x0000000087300000, 0x0000000087300000|100%| O|  |TAMS 0x0000000087200000| PB 0x0000000087200000| Untracked |  0
| 115|0x0000000087300000, 0x0000000087400000, 0x0000000087400000|100%| O|  |TAMS 0x0000000087300000| PB 0x0000000087300000| Untracked |  0
| 116|0x0000000087400000, 0x0000000087500000, 0x0000000087500000|100%| O|  |TAMS 0x0000000087400000| PB 0x0000000087400000| Untracked |  0
| 117|0x0000000087500000, 0x0000000087500000, 0x0000000087600000|  0%| F|  |TAMS 0x0000000087500000| PB 0x0000000087500000| Untracked |  0
| 118|0x0000000087600000, 0x0000000087600000, 0x0000000087700000|  0%| F|  |TAMS 0x0000000087600000| PB 0x0000000087600000| Untracked |  0
| 119|0x0000000087700000, 0x0000000087800000, 0x0000000087800000|100%| O|  |TAMS 0x0000000087700000| PB 0x0000000087700000| Untracked |  0
| 120|0x0000000087800000, 0x0000000087900000, 0x0000000087900000|100%| O|  |TAMS 0x0000000087800000| PB 0x0000000087800000| Untracked |  0
| 121|0x0000000087900000, 0x0000000087a00000, 0x0000000087a00000|100%| O|  |TAMS 0x0000000087900000| PB 0x0000000087900000| Untracked |  0
| 122|0x0000000087a00000, 0x0000000087b00000, 0x0000000087b00000|100%| O|  |TAMS 0x0000000087a00000| PB 0x0000000087a00000| Untracked |  0
| 123|0x0000000087b00000, 0x0000000087c00000, 0x0000000087c00000|100%| O|  |TAMS 0x0000000087b00000| PB 0x0000000087b00000| Untracked |  0
| 124|0x0000000087c00000, 0x0000000087d00000, 0x0000000087d00000|100%| O|  |TAMS 0x0000000087c00000| PB 0x0000000087c00000| Untracked |  0
| 125|0x0000000087d00000, 0x0000000087d00000, 0x0000000087e00000|  0%| F|  |TAMS 0x0000000087d00000| PB 0x0000000087d00000| Untracked |  0
| 126|0x0000000087e00000, 0x0000000087f00000, 0x0000000087f00000|100%| O|  |TAMS 0x0000000087e00000| PB 0x0000000087e00000| Untracked |  0
| 127|0x0000000087f00000, 0x0000000088000000, 0x0000000088000000|100%| O|  |TAMS 0x0000000087f00000| PB 0x0000000087f00000| Untracked |  0
| 128|0x0000000088000000, 0x0000000088100000, 0x0000000088100000|100%| O|  |TAMS 0x0000000088000000| PB 0x0000000088000000| Untracked |  0
| 129|0x0000000088100000, 0x0000000088200000, 0x0000000088200000|100%| O|  |TAMS 0x0000000088100000| PB 0x0000000088100000| Untracked |  0
| 130|0x0000000088200000, 0x0000000088300000, 0x0000000088300000|100%| O|  |TAMS 0x0000000088200000| PB 0x0000000088200000| Untracked |  0
| 131|0x0000000088300000, 0x0000000088300000, 0x0000000088400000|  0%| F|  |TAMS 0x0000000088300000| PB 0x0000000088300000| Untracked |  0
| 132|0x0000000088400000, 0x0000000088400000, 0x0000000088500000|  0%| F|  |TAMS 0x0000000088400000| PB 0x0000000088400000| Untracked |  0
| 133|0x0000000088500000, 0x0000000088600000, 0x0000000088600000|100%|HS|  |TAMS 0x0000000088500000| PB 0x0000000088500000| Complete |  0
| 134|0x0000000088600000, 0x0000000088700000, 0x0000000088700000|100%| O|  |TAMS 0x0000000088600000| PB 0x0000000088600000| Untracked |  0
| 135|0x0000000088700000, 0x0000000088800000, 0x0000000088800000|100%| O|  |TAMS 0x0000000088700000| PB 0x0000000088700000| Untracked |  0
| 136|0x0000000088800000, 0x0000000088900000, 0x0000000088900000|100%| O|  |TAMS 0x0000000088800000| PB 0x0000000088800000| Untracked |  0
| 137|0x0000000088900000, 0x0000000088a00000, 0x0000000088a00000|100%| O|  |TAMS 0x0000000088900000| PB 0x0000000088900000| Untracked |  0
| 138|0x0000000088a00000, 0x0000000088b00000, 0x0000000088b00000|100%| O|  |TAMS 0x0000000088a00000| PB 0x0000000088a00000| Untracked |  0
| 139|0x0000000088b00000, 0x0000000088b00000, 0x0000000088c00000|  0%| F|  |TAMS 0x0000000088b00000| PB 0x0000000088b00000| Untracked |  0
| 140|0x0000000088c00000, 0x0000000088d00000, 0x0000000088d00000|100%| O|  |TAMS 0x0000000088c00000| PB 0x0000000088c00000| Untracked |  0
| 141|0x0000000088d00000, 0x0000000088e00000, 0x0000000088e00000|100%| O|  |TAMS 0x0000000088d00000| PB 0x0000000088d00000| Untracked |  0
| 142|0x0000000088e00000, 0x0000000088e00000, 0x0000000088f00000|  0%| F|  |TAMS 0x0000000088e00000| PB 0x0000000088e00000| Untracked |  0
| 143|0x0000000088f00000, 0x0000000088f00000, 0x0000000089000000|  0%| F|  |TAMS 0x0000000088f00000| PB 0x0000000088f00000| Untracked |  0
| 144|0x0000000089000000, 0x0000000089000000, 0x0000000089100000|  0%| F|  |TAMS 0x0000000089000000| PB 0x0000000089000000| Untracked |  0
| 145|0x0000000089100000, 0x0000000089100000, 0x0000000089200000|  0%| F|  |TAMS 0x0000000089100000| PB 0x0000000089100000| Untracked |  0
| 146|0x0000000089200000, 0x0000000089200000, 0x0000000089300000|  0%| F|  |TAMS 0x0000000089200000| PB 0x0000000089200000| Untracked |  0
| 147|0x0000000089300000, 0x0000000089300000, 0x0000000089400000|  0%| F|  |TAMS 0x0000000089300000| PB 0x0000000089300000| Untracked |  0
| 148|0x0000000089400000, 0x0000000089500000, 0x0000000089500000|100%| O|  |TAMS 0x0000000089400000| PB 0x0000000089400000| Untracked |  0
| 149|0x0000000089500000, 0x0000000089500000, 0x0000000089600000|  0%| F|  |TAMS 0x0000000089500000| PB 0x0000000089500000| Untracked |  0
| 150|0x0000000089600000, 0x0000000089600000, 0x0000000089700000|  0%| F|  |TAMS 0x0000000089600000| PB 0x0000000089600000| Untracked |  0
| 151|0x0000000089700000, 0x0000000089800000, 0x0000000089800000|100%| O|  |TAMS 0x0000000089700000| PB 0x0000000089700000| Untracked |  0
| 152|0x0000000089800000, 0x0000000089900000, 0x0000000089900000|100%| O|  |TAMS 0x0000000089800000| PB 0x0000000089800000| Untracked |  0
| 153|0x0000000089900000, 0x0000000089a00000, 0x0000000089a00000|100%|HS|  |TAMS 0x0000000089900000| PB 0x0000000089900000| Complete |  0
| 154|0x0000000089a00000, 0x0000000089b00000, 0x0000000089b00000|100%|HS|  |TAMS 0x0000000089a00000| PB 0x0000000089a00000| Complete |  0
| 155|0x0000000089b00000, 0x0000000089c00000, 0x0000000089c00000|100%|HS|  |TAMS 0x0000000089b00000| PB 0x0000000089b00000| Complete |  0
| 156|0x0000000089c00000, 0x0000000089d00000, 0x0000000089d00000|100%| O|  |TAMS 0x0000000089c00000| PB 0x0000000089c00000| Untracked |  0
| 157|0x0000000089d00000, 0x0000000089e00000, 0x0000000089e00000|100%| O|  |TAMS 0x0000000089d00000| PB 0x0000000089d00000| Untracked |  0
| 158|0x0000000089e00000, 0x0000000089f00000, 0x0000000089f00000|100%| O|  |TAMS 0x0000000089e00000| PB 0x0000000089e00000| Untracked |  0
| 159|0x0000000089f00000, 0x0000000089f00000, 0x000000008a000000|  0%| F|  |TAMS 0x0000000089f00000| PB 0x0000000089f00000| Untracked |  0
| 160|0x000000008a000000, 0x000000008a000000, 0x000000008a100000|  0%| F|  |TAMS 0x000000008a000000| PB 0x000000008a000000| Untracked |  0
| 161|0x000000008a100000, 0x000000008a200000, 0x000000008a200000|100%| O|  |TAMS 0x000000008a100000| PB 0x000000008a100000| Untracked |  0
| 162|0x000000008a200000, 0x000000008a300000, 0x000000008a300000|100%| O|  |TAMS 0x000000008a200000| PB 0x000000008a200000| Untracked |  0
| 163|0x000000008a300000, 0x000000008a400000, 0x000000008a400000|100%| O|  |TAMS 0x000000008a300000| PB 0x000000008a300000| Untracked |  0
| 164|0x000000008a400000, 0x000000008a500000, 0x000000008a500000|100%| O|  |TAMS 0x000000008a400000| PB 0x000000008a400000| Untracked |  0
| 165|0x000000008a500000, 0x000000008a500000, 0x000000008a600000|  0%| F|  |TAMS 0x000000008a500000| PB 0x000000008a500000| Untracked |  0
| 166|0x000000008a600000, 0x000000008a600000, 0x000000008a700000|  0%| F|  |TAMS 0x000000008a600000| PB 0x000000008a600000| Untracked |  0
| 167|0x000000008a700000, 0x000000008a700000, 0x000000008a800000|  0%| F|  |TAMS 0x000000008a700000| PB 0x000000008a700000| Untracked |  0
| 168|0x000000008a800000, 0x000000008a800000, 0x000000008a900000|  0%| F|  |TAMS 0x000000008a800000| PB 0x000000008a800000| Untracked |  0
| 169|0x000000008a900000, 0x000000008aa00000, 0x000000008aa00000|100%| O|  |TAMS 0x000000008a900000| PB 0x000000008a900000| Untracked |  0
| 170|0x000000008aa00000, 0x000000008aa00000, 0x000000008ab00000|  0%| F|  |TAMS 0x000000008aa00000| PB 0x000000008aa00000| Untracked |  0
| 171|0x000000008ab00000, 0x000000008ab00000, 0x000000008ac00000|  0%| F|  |TAMS 0x000000008ab00000| PB 0x000000008ab00000| Untracked |  0
| 172|0x000000008ac00000, 0x000000008ac00000, 0x000000008ad00000|  0%| F|  |TAMS 0x000000008ac00000| PB 0x000000008ac00000| Untracked |  0
| 173|0x000000008ad00000, 0x000000008ae00000, 0x000000008ae00000|100%| O|  |TAMS 0x000000008ad00000| PB 0x000000008ad00000| Untracked |  0
| 174|0x000000008ae00000, 0x000000008af00000, 0x000000008af00000|100%| O|  |TAMS 0x000000008ae00000| PB 0x000000008ae00000| Untracked |  0
| 175|0x000000008af00000, 0x000000008b000000, 0x000000008b000000|100%| O|  |TAMS 0x000000008af00000| PB 0x000000008af00000| Untracked |  0
| 176|0x000000008b000000, 0x000000008b100000, 0x000000008b100000|100%| O|  |TAMS 0x000000008b000000| PB 0x000000008b000000| Untracked |  0
| 177|0x000000008b100000, 0x000000008b200000, 0x000000008b200000|100%| O|  |TAMS 0x000000008b100000| PB 0x000000008b100000| Untracked |  0
| 178|0x000000008b200000, 0x000000008b300000, 0x000000008b300000|100%| O|  |TAMS 0x000000008b200000| PB 0x000000008b200000| Untracked |  0
| 179|0x000000008b300000, 0x000000008b400000, 0x000000008b400000|100%| O|  |TAMS 0x000000008b300000| PB 0x000000008b300000| Untracked |  0
| 180|0x000000008b400000, 0x000000008b500000, 0x000000008b500000|100%| O|  |TAMS 0x000000008b400000| PB 0x000000008b400000| Untracked |  0
| 181|0x000000008b500000, 0x000000008b600000, 0x000000008b600000|100%| O|  |TAMS 0x000000008b500000| PB 0x000000008b500000| Untracked |  0
| 182|0x000000008b600000, 0x000000008b700000, 0x000000008b700000|100%| O|  |TAMS 0x000000008b600000| PB 0x000000008b600000| Untracked |  0
| 183|0x000000008b700000, 0x000000008b800000, 0x000000008b800000|100%| O|  |TAMS 0x000000008b700000| PB 0x000000008b700000| Untracked |  0
| 184|0x000000008b800000, 0x000000008b800000, 0x000000008b900000|  0%| F|  |TAMS 0x000000008b800000| PB 0x000000008b800000| Untracked |  0
| 185|0x000000008b900000, 0x000000008ba00000, 0x000000008ba00000|100%| O|  |TAMS 0x000000008b900000| PB 0x000000008b900000| Untracked |  0
| 186|0x000000008ba00000, 0x000000008bb00000, 0x000000008bb00000|100%| O|  |TAMS 0x000000008ba00000| PB 0x000000008ba00000| Untracked |  0
| 187|0x000000008bb00000, 0x000000008bc00000, 0x000000008bc00000|100%| O|  |TAMS 0x000000008bb00000| PB 0x000000008bb00000| Untracked |  0
| 188|0x000000008bc00000, 0x000000008bd00000, 0x000000008bd00000|100%| O|  |TAMS 0x000000008bc00000| PB 0x000000008bc00000| Untracked |  0
| 189|0x000000008bd00000, 0x000000008be00000, 0x000000008be00000|100%| O|  |TAMS 0x000000008bd00000| PB 0x000000008bd00000| Untracked |  0
| 190|0x000000008be00000, 0x000000008bf00000, 0x000000008bf00000|100%| O|  |TAMS 0x000000008be00000| PB 0x000000008be00000| Untracked |  0
| 191|0x000000008bf00000, 0x000000008c000000, 0x000000008c000000|100%| O|  |TAMS 0x000000008bf00000| PB 0x000000008bf00000| Untracked |  0
| 192|0x000000008c000000, 0x000000008c100000, 0x000000008c100000|100%| O|  |TAMS 0x000000008c000000| PB 0x000000008c000000| Untracked |  0
| 193|0x000000008c100000, 0x000000008c200000, 0x000000008c200000|100%| O|  |TAMS 0x000000008c100000| PB 0x000000008c100000| Untracked |  0
| 194|0x000000008c200000, 0x000000008c300000, 0x000000008c300000|100%| O|  |TAMS 0x000000008c200000| PB 0x000000008c200000| Untracked |  0
| 195|0x000000008c300000, 0x000000008c400000, 0x000000008c400000|100%| O|  |TAMS 0x000000008c300000| PB 0x000000008c300000| Untracked |  0
| 196|0x000000008c400000, 0x000000008c500000, 0x000000008c500000|100%| O|  |TAMS 0x000000008c400000| PB 0x000000008c400000| Untracked |  0
| 197|0x000000008c500000, 0x000000008c600000, 0x000000008c600000|100%| O|  |TAMS 0x000000008c500000| PB 0x000000008c500000| Untracked |  0
| 198|0x000000008c600000, 0x000000008c700000, 0x000000008c700000|100%| O|  |TAMS 0x000000008c600000| PB 0x000000008c600000| Untracked |  0
| 199|0x000000008c700000, 0x000000008c800000, 0x000000008c800000|100%| O|  |TAMS 0x000000008c700000| PB 0x000000008c700000| Untracked |  0
| 200|0x000000008c800000, 0x000000008c900000, 0x000000008c900000|100%| O|  |TAMS 0x000000008c800000| PB 0x000000008c800000| Untracked |  0
| 201|0x000000008c900000, 0x000000008ca00000, 0x000000008ca00000|100%| O|  |TAMS 0x000000008c900000| PB 0x000000008c900000| Untracked |  0
| 202|0x000000008ca00000, 0x000000008cb00000, 0x000000008cb00000|100%| O|  |TAMS 0x000000008ca00000| PB 0x000000008ca00000| Untracked |  0
| 203|0x000000008cb00000, 0x000000008cc00000, 0x000000008cc00000|100%| O|  |TAMS 0x000000008cb00000| PB 0x000000008cb00000| Untracked |  0
| 204|0x000000008cc00000, 0x000000008cd00000, 0x000000008cd00000|100%| O|  |TAMS 0x000000008cc00000| PB 0x000000008cc00000| Untracked |  0
| 205|0x000000008cd00000, 0x000000008ce00000, 0x000000008ce00000|100%| O|  |TAMS 0x000000008cd00000| PB 0x000000008cd00000| Untracked |  0
| 206|0x000000008ce00000, 0x000000008cf00000, 0x000000008cf00000|100%| O|  |TAMS 0x000000008ce00000| PB 0x000000008ce00000| Untracked |  0
| 207|0x000000008cf00000, 0x000000008d000000, 0x000000008d000000|100%| O|  |TAMS 0x000000008cf00000| PB 0x000000008cf00000| Untracked |  0
| 208|0x000000008d000000, 0x000000008d100000, 0x000000008d100000|100%| O|  |TAMS 0x000000008d000000| PB 0x000000008d000000| Untracked |  0
| 209|0x000000008d100000, 0x000000008d200000, 0x000000008d200000|100%| O|  |TAMS 0x000000008d100000| PB 0x000000008d100000| Untracked |  0
| 210|0x000000008d200000, 0x000000008d300000, 0x000000008d300000|100%| O|  |TAMS 0x000000008d200000| PB 0x000000008d200000| Untracked |  0
| 211|0x000000008d300000, 0x000000008d400000, 0x000000008d400000|100%| S|CS|TAMS 0x000000008d300000| PB 0x000000008d300000| Complete |  0
| 212|0x000000008d400000, 0x000000008d500000, 0x000000008d500000|100%| S|CS|TAMS 0x000000008d400000| PB 0x000000008d400000| Complete |  0
| 213|0x000000008d500000, 0x000000008d600000, 0x000000008d600000|100%| S|CS|TAMS 0x000000008d500000| PB 0x000000008d500000| Complete |  0
| 214|0x000000008d600000, 0x000000008d700000, 0x000000008d700000|100%| S|CS|TAMS 0x000000008d600000| PB 0x000000008d600000| Complete |  0
| 215|0x000000008d700000, 0x000000008d800000, 0x000000008d800000|100%| S|CS|TAMS 0x000000008d700000| PB 0x000000008d700000| Complete |  0
| 216|0x000000008d800000, 0x000000008d900000, 0x000000008d900000|100%| S|CS|TAMS 0x000000008d800000| PB 0x000000008d800000| Complete |  0
| 217|0x000000008d900000, 0x000000008da00000, 0x000000008da00000|100%| S|CS|TAMS 0x000000008d900000| PB 0x000000008d900000| Complete |  0
| 218|0x000000008da00000, 0x000000008db00000, 0x000000008db00000|100%| S|CS|TAMS 0x000000008da00000| PB 0x000000008da00000| Complete |  0
| 219|0x000000008db00000, 0x000000008dc00000, 0x000000008dc00000|100%| S|CS|TAMS 0x000000008db00000| PB 0x000000008db00000| Complete |  0
| 220|0x000000008dc00000, 0x000000008dd00000, 0x000000008dd00000|100%| S|CS|TAMS 0x000000008dc00000| PB 0x000000008dc00000| Complete |  0
| 221|0x000000008dd00000, 0x000000008de00000, 0x000000008de00000|100%| S|CS|TAMS 0x000000008dd00000| PB 0x000000008dd00000| Complete |  0
| 222|0x000000008de00000, 0x000000008de00000, 0x000000008df00000|  0%| F|  |TAMS 0x000000008de00000| PB 0x000000008de00000| Untracked |  0
| 223|0x000000008df00000, 0x000000008df00000, 0x000000008e000000|  0%| F|  |TAMS 0x000000008df00000| PB 0x000000008df00000| Untracked |  0
| 224|0x000000008e000000, 0x000000008e000000, 0x000000008e100000|  0%| F|  |TAMS 0x000000008e000000| PB 0x000000008e000000| Untracked |  0
| 225|0x000000008e100000, 0x000000008e100000, 0x000000008e200000|  0%| F|  |TAMS 0x000000008e100000| PB 0x000000008e100000| Untracked |  0
| 226|0x000000008e200000, 0x000000008e200000, 0x000000008e300000|  0%| F|  |TAMS 0x000000008e200000| PB 0x000000008e200000| Untracked |  0
| 227|0x000000008e300000, 0x000000008e300000, 0x000000008e400000|  0%| F|  |TAMS 0x000000008e300000| PB 0x000000008e300000| Untracked |  0
| 228|0x000000008e400000, 0x000000008e400000, 0x000000008e500000|  0%| F|  |TAMS 0x000000008e400000| PB 0x000000008e400000| Untracked |  0
| 229|0x000000008e500000, 0x000000008e500000, 0x000000008e600000|  0%| F|  |TAMS 0x000000008e500000| PB 0x000000008e500000| Untracked |  0
| 230|0x000000008e600000, 0x000000008e600000, 0x000000008e700000|  0%| F|  |TAMS 0x000000008e600000| PB 0x000000008e600000| Untracked |  0
| 231|0x000000008e700000, 0x000000008e700000, 0x000000008e800000|  0%| F|  |TAMS 0x000000008e700000| PB 0x000000008e700000| Untracked |  0
| 232|0x000000008e800000, 0x000000008e800000, 0x000000008e900000|  0%| F|  |TAMS 0x000000008e800000| PB 0x000000008e800000| Untracked |  0
| 233|0x000000008e900000, 0x000000008e900000, 0x000000008ea00000|  0%| F|  |TAMS 0x000000008e900000| PB 0x000000008e900000| Untracked |  0
| 234|0x000000008ea00000, 0x000000008ea00000, 0x000000008eb00000|  0%| F|  |TAMS 0x000000008ea00000| PB 0x000000008ea00000| Untracked |  0
| 235|0x000000008eb00000, 0x000000008eb00000, 0x000000008ec00000|  0%| F|  |TAMS 0x000000008eb00000| PB 0x000000008eb00000| Untracked |  0
| 236|0x000000008ec00000, 0x000000008ec00000, 0x000000008ed00000|  0%| F|  |TAMS 0x000000008ec00000| PB 0x000000008ec00000| Untracked |  0
| 237|0x000000008ed00000, 0x000000008ed00000, 0x000000008ee00000|  0%| F|  |TAMS 0x000000008ed00000| PB 0x000000008ed00000| Untracked |  0
| 238|0x000000008ee00000, 0x000000008ee00000, 0x000000008ef00000|  0%| F|  |TAMS 0x000000008ee00000| PB 0x000000008ee00000| Untracked |  0
| 239|0x000000008ef00000, 0x000000008ef00000, 0x000000008f000000|  0%| F|  |TAMS 0x000000008ef00000| PB 0x000000008ef00000| Untracked |  0
| 240|0x000000008f000000, 0x000000008f000000, 0x000000008f100000|  0%| F|  |TAMS 0x000000008f000000| PB 0x000000008f000000| Untracked |  0
| 241|0x000000008f100000, 0x000000008f100000, 0x000000008f200000|  0%| F|  |TAMS 0x000000008f100000| PB 0x000000008f100000| Untracked |  0
| 242|0x000000008f200000, 0x000000008f200000, 0x000000008f300000|  0%| F|  |TAMS 0x000000008f200000| PB 0x000000008f200000| Untracked |  0
| 243|0x000000008f300000, 0x000000008f300000, 0x000000008f400000|  0%| F|  |TAMS 0x000000008f300000| PB 0x000000008f300000| Untracked |  0
| 244|0x000000008f400000, 0x000000008f400000, 0x000000008f500000|  0%| F|  |TAMS 0x000000008f400000| PB 0x000000008f400000| Untracked |  0
| 245|0x000000008f500000, 0x000000008f500000, 0x000000008f600000|  0%| F|  |TAMS 0x000000008f500000| PB 0x000000008f500000| Untracked |  0
| 246|0x000000008f600000, 0x000000008f600000, 0x000000008f700000|  0%| F|  |TAMS 0x000000008f600000| PB 0x000000008f600000| Untracked |  0
| 247|0x000000008f700000, 0x000000008f700000, 0x000000008f800000|  0%| F|  |TAMS 0x000000008f700000| PB 0x000000008f700000| Untracked |  0
| 248|0x000000008f800000, 0x000000008f800000, 0x000000008f900000|  0%| F|  |TAMS 0x000000008f800000| PB 0x000000008f800000| Untracked |  0
| 249|0x000000008f900000, 0x000000008f900000, 0x000000008fa00000|  0%| F|  |TAMS 0x000000008f900000| PB 0x000000008f900000| Untracked |  0
| 250|0x000000008fa00000, 0x000000008fa00000, 0x000000008fb00000|  0%| F|  |TAMS 0x000000008fa00000| PB 0x000000008fa00000| Untracked |  0
| 251|0x000000008fb00000, 0x000000008fb00000, 0x000000008fc00000|  0%| F|  |TAMS 0x000000008fb00000| PB 0x000000008fb00000| Untracked |  0
| 252|0x000000008fc00000, 0x000000008fc00000, 0x000000008fd00000|  0%| F|  |TAMS 0x000000008fc00000| PB 0x000000008fc00000| Untracked |  0
| 253|0x000000008fd00000, 0x000000008fd00000, 0x000000008fe00000|  0%| F|  |TAMS 0x000000008fd00000| PB 0x000000008fd00000| Untracked |  0
| 254|0x000000008fe00000, 0x000000008fe00000, 0x000000008ff00000|  0%| F|  |TAMS 0x000000008fe00000| PB 0x000000008fe00000| Untracked |  0
| 255|0x000000008ff00000, 0x000000008ff00000, 0x0000000090000000|  0%| F|  |TAMS 0x000000008ff00000| PB 0x000000008ff00000| Untracked |  0
| 256|0x0000000090000000, 0x0000000090000000, 0x0000000090100000|  0%| F|  |TAMS 0x0000000090000000| PB 0x0000000090000000| Untracked |  0
| 257|0x0000000090100000, 0x0000000090100000, 0x0000000090200000|  0%| F|  |TAMS 0x0000000090100000| PB 0x0000000090100000| Untracked |  0
| 258|0x0000000090200000, 0x0000000090200000, 0x0000000090300000|  0%| F|  |TAMS 0x0000000090200000| PB 0x0000000090200000| Untracked |  0
| 259|0x0000000090300000, 0x0000000090300000, 0x0000000090400000|  0%| F|  |TAMS 0x0000000090300000| PB 0x0000000090300000| Untracked |  0
| 260|0x0000000090400000, 0x0000000090400000, 0x0000000090500000|  0%| F|  |TAMS 0x0000000090400000| PB 0x0000000090400000| Untracked |  0
| 261|0x0000000090500000, 0x0000000090500000, 0x0000000090600000|  0%| F|  |TAMS 0x0000000090500000| PB 0x0000000090500000| Untracked |  0
| 262|0x0000000090600000, 0x0000000090600000, 0x0000000090700000|  0%| F|  |TAMS 0x0000000090600000| PB 0x0000000090600000| Untracked |  0
| 263|0x0000000090700000, 0x0000000090700000, 0x0000000090800000|  0%| F|  |TAMS 0x0000000090700000| PB 0x0000000090700000| Untracked |  0
| 264|0x0000000090800000, 0x0000000090800000, 0x0000000090900000|  0%| F|  |TAMS 0x0000000090800000| PB 0x0000000090800000| Untracked |  0
| 265|0x0000000090900000, 0x0000000090900000, 0x0000000090a00000|  0%| F|  |TAMS 0x0000000090900000| PB 0x0000000090900000| Untracked |  0
| 266|0x0000000090a00000, 0x0000000090a00000, 0x0000000090b00000|  0%| F|  |TAMS 0x0000000090a00000| PB 0x0000000090a00000| Untracked |  0
| 267|0x0000000090b00000, 0x0000000090b00000, 0x0000000090c00000|  0%| F|  |TAMS 0x0000000090b00000| PB 0x0000000090b00000| Untracked |  0
| 268|0x0000000090c00000, 0x0000000090c00000, 0x0000000090d00000|  0%| F|  |TAMS 0x0000000090c00000| PB 0x0000000090c00000| Untracked |  0
| 269|0x0000000090d00000, 0x0000000090d00000, 0x0000000090e00000|  0%| F|  |TAMS 0x0000000090d00000| PB 0x0000000090d00000| Untracked |  0
| 270|0x0000000090e00000, 0x0000000090e00000, 0x0000000090f00000|  0%| F|  |TAMS 0x0000000090e00000| PB 0x0000000090e00000| Untracked |  0
| 271|0x0000000090f00000, 0x0000000090f00000, 0x0000000091000000|  0%| F|  |TAMS 0x0000000090f00000| PB 0x0000000090f00000| Untracked |  0
| 272|0x0000000091000000, 0x0000000091000000, 0x0000000091100000|  0%| F|  |TAMS 0x0000000091000000| PB 0x0000000091000000| Untracked |  0
| 273|0x0000000091100000, 0x0000000091100000, 0x0000000091200000|  0%| F|  |TAMS 0x0000000091100000| PB 0x0000000091100000| Untracked |  0
| 274|0x0000000091200000, 0x0000000091200000, 0x0000000091300000|  0%| F|  |TAMS 0x0000000091200000| PB 0x0000000091200000| Untracked |  0
| 275|0x0000000091300000, 0x0000000091300000, 0x0000000091400000|  0%| F|  |TAMS 0x0000000091300000| PB 0x0000000091300000| Untracked |  0
| 276|0x0000000091400000, 0x0000000091400000, 0x0000000091500000|  0%| F|  |TAMS 0x0000000091400000| PB 0x0000000091400000| Untracked |  0
| 277|0x0000000091500000, 0x0000000091500000, 0x0000000091600000|  0%| F|  |TAMS 0x0000000091500000| PB 0x0000000091500000| Untracked |  0
| 278|0x0000000091600000, 0x0000000091600000, 0x0000000091700000|  0%| F|  |TAMS 0x0000000091600000| PB 0x0000000091600000| Untracked |  0
| 279|0x0000000091700000, 0x0000000091700000, 0x0000000091800000|  0%| F|  |TAMS 0x0000000091700000| PB 0x0000000091700000| Untracked |  0
| 280|0x0000000091800000, 0x0000000091800000, 0x0000000091900000|  0%| F|  |TAMS 0x0000000091800000| PB 0x0000000091800000| Untracked |  0
| 281|0x0000000091900000, 0x0000000091900000, 0x0000000091a00000|  0%| F|  |TAMS 0x0000000091900000| PB 0x0000000091900000| Untracked |  0
| 282|0x0000000091a00000, 0x0000000091a00000, 0x0000000091b00000|  0%| F|  |TAMS 0x0000000091a00000| PB 0x0000000091a00000| Untracked |  0
| 283|0x0000000091b00000, 0x0000000091b00000, 0x0000000091c00000|  0%| F|  |TAMS 0x0000000091b00000| PB 0x0000000091b00000| Untracked |  0
| 284|0x0000000091c00000, 0x0000000091c00000, 0x0000000091d00000|  0%| F|  |TAMS 0x0000000091c00000| PB 0x0000000091c00000| Untracked |  0
| 285|0x0000000091d00000, 0x0000000091d00000, 0x0000000091e00000|  0%| F|  |TAMS 0x0000000091d00000| PB 0x0000000091d00000| Untracked |  0
| 286|0x0000000091e00000, 0x0000000091e00000, 0x0000000091f00000|  0%| F|  |TAMS 0x0000000091e00000| PB 0x0000000091e00000| Untracked |  0
| 287|0x0000000091f00000, 0x0000000091f00000, 0x0000000092000000|  0%| F|  |TAMS 0x0000000091f00000| PB 0x0000000091f00000| Untracked |  0
| 288|0x0000000092000000, 0x0000000092000000, 0x0000000092100000|  0%| F|  |TAMS 0x0000000092000000| PB 0x0000000092000000| Untracked |  0
| 289|0x0000000092100000, 0x0000000092100000, 0x0000000092200000|  0%| F|  |TAMS 0x0000000092100000| PB 0x0000000092100000| Untracked |  0
| 290|0x0000000092200000, 0x0000000092200000, 0x0000000092300000|  0%| F|  |TAMS 0x0000000092200000| PB 0x0000000092200000| Untracked |  0
| 291|0x0000000092300000, 0x0000000092300000, 0x0000000092400000|  0%| F|  |TAMS 0x0000000092300000| PB 0x0000000092300000| Untracked |  0
| 292|0x0000000092400000, 0x0000000092400000, 0x0000000092500000|  0%| F|  |TAMS 0x0000000092400000| PB 0x0000000092400000| Untracked |  0
| 293|0x0000000092500000, 0x0000000092500000, 0x0000000092600000|  0%| F|  |TAMS 0x0000000092500000| PB 0x0000000092500000| Untracked |  0
| 294|0x0000000092600000, 0x0000000092600000, 0x0000000092700000|  0%| F|  |TAMS 0x0000000092600000| PB 0x0000000092600000| Untracked |  0
| 295|0x0000000092700000, 0x0000000092700000, 0x0000000092800000|  0%| F|  |TAMS 0x0000000092700000| PB 0x0000000092700000| Untracked |  0
| 296|0x0000000092800000, 0x0000000092800000, 0x0000000092900000|  0%| F|  |TAMS 0x0000000092800000| PB 0x0000000092800000| Untracked |  0
| 297|0x0000000092900000, 0x0000000092900000, 0x0000000092a00000|  0%| F|  |TAMS 0x0000000092900000| PB 0x0000000092900000| Untracked |  0
| 298|0x0000000092a00000, 0x0000000092a00000, 0x0000000092b00000|  0%| F|  |TAMS 0x0000000092a00000| PB 0x0000000092a00000| Untracked |  0
| 299|0x0000000092b00000, 0x0000000092b00000, 0x0000000092c00000|  0%| F|  |TAMS 0x0000000092b00000| PB 0x0000000092b00000| Untracked |  0
| 300|0x0000000092c00000, 0x0000000092c00000, 0x0000000092d00000|  0%| F|  |TAMS 0x0000000092c00000| PB 0x0000000092c00000| Untracked |  0
| 301|0x0000000092d00000, 0x0000000092d00000, 0x0000000092e00000|  0%| F|  |TAMS 0x0000000092d00000| PB 0x0000000092d00000| Untracked |  0
| 302|0x0000000092e00000, 0x0000000092e00000, 0x0000000092f00000|  0%| F|  |TAMS 0x0000000092e00000| PB 0x0000000092e00000| Untracked |  0
| 303|0x0000000092f00000, 0x0000000092f00000, 0x0000000093000000|  0%| F|  |TAMS 0x0000000092f00000| PB 0x0000000092f00000| Untracked |  0
| 304|0x0000000093000000, 0x0000000093000000, 0x0000000093100000|  0%| F|  |TAMS 0x0000000093000000| PB 0x0000000093000000| Untracked |  0
| 305|0x0000000093100000, 0x0000000093100000, 0x0000000093200000|  0%| F|  |TAMS 0x0000000093100000| PB 0x0000000093100000| Untracked |  0
| 306|0x0000000093200000, 0x0000000093200000, 0x0000000093300000|  0%| F|  |TAMS 0x0000000093200000| PB 0x0000000093200000| Untracked |  0
| 307|0x0000000093300000, 0x0000000093300000, 0x0000000093400000|  0%| F|  |TAMS 0x0000000093300000| PB 0x0000000093300000| Untracked |  0
| 308|0x0000000093400000, 0x0000000093400000, 0x0000000093500000|  0%| F|  |TAMS 0x0000000093400000| PB 0x0000000093400000| Untracked |  0
| 309|0x0000000093500000, 0x0000000093500000, 0x0000000093600000|  0%| F|  |TAMS 0x0000000093500000| PB 0x0000000093500000| Untracked |  0
| 310|0x0000000093600000, 0x0000000093600000, 0x0000000093700000|  0%| F|  |TAMS 0x0000000093600000| PB 0x0000000093600000| Untracked |  0
| 311|0x0000000093700000, 0x0000000093700000, 0x0000000093800000|  0%| F|  |TAMS 0x0000000093700000| PB 0x0000000093700000| Untracked |  0
| 312|0x0000000093800000, 0x0000000093800000, 0x0000000093900000|  0%| F|  |TAMS 0x0000000093800000| PB 0x0000000093800000| Untracked |  0
| 313|0x0000000093900000, 0x0000000093a00000, 0x0000000093a00000|100%| S|CS|TAMS 0x0000000093900000| PB 0x0000000093900000| Complete |  0
|2034|0x00000000ff200000, 0x00000000ff300000, 0x00000000ff300000|100%| O|  |TAMS 0x00000000ff200000| PB 0x00000000ff200000| Untracked |  0
|2035|0x00000000ff300000, 0x00000000ff400000, 0x00000000ff400000|100%| O|  |TAMS 0x00000000ff300000| PB 0x00000000ff300000| Untracked |  0
|2036|0x00000000ff400000, 0x00000000ff500000, 0x00000000ff500000|100%| O|  |TAMS 0x00000000ff400000| PB 0x00000000ff400000| Untracked |  0
|2037|0x00000000ff500000, 0x00000000ff600000, 0x00000000ff600000|100%| O|  |TAMS 0x00000000ff500000| PB 0x00000000ff500000| Untracked |  0
|2038|0x00000000ff600000, 0x00000000ff700000, 0x00000000ff700000|100%| O|  |TAMS 0x00000000ff600000| PB 0x00000000ff600000| Untracked |  0
|2039|0x00000000ff700000, 0x00000000ff800000, 0x00000000ff800000|100%| O|  |TAMS 0x00000000ff700000| PB 0x00000000ff700000| Untracked |  0
|2040|0x00000000ff800000, 0x00000000ff900000, 0x00000000ff900000|100%| O|  |TAMS 0x00000000ff800000| PB 0x00000000ff800000| Untracked |  0
|2041|0x00000000ff900000, 0x00000000ff900000, 0x00000000ffa00000|  0%| F|  |TAMS 0x00000000ff900000| PB 0x00000000ff900000| Untracked |  0
|2042|0x00000000ffa00000, 0x00000000ffa00000, 0x00000000ffb00000|  0%| F|  |TAMS 0x00000000ffa00000| PB 0x00000000ffa00000| Untracked |  0
|2043|0x00000000ffb00000, 0x00000000ffb00000, 0x00000000ffc00000|  0%| F|  |TAMS 0x00000000ffb00000| PB 0x00000000ffb00000| Untracked |  0
|2044|0x00000000ffc00000, 0x00000000ffc00000, 0x00000000ffd00000|  0%| F|  |TAMS 0x00000000ffc00000| PB 0x00000000ffc00000| Untracked |  0
|2045|0x00000000ffd00000, 0x00000000ffd00000, 0x00000000ffe00000|  0%| F|  |TAMS 0x00000000ffd00000| PB 0x00000000ffd00000| Untracked |  0
|2046|0x00000000ffe00000, 0x00000000fff00000, 0x00000000fff00000|100%| O|  |TAMS 0x00000000ffe00000| PB 0x00000000ffe00000| Untracked |  0
|2047|0x00000000fff00000, 0x00000000fff00000, 0x0000000100000000|  0%| F|  |TAMS 0x00000000fff00000| PB 0x00000000fff00000| Untracked |  0

Card table byte_map: [0x0000016ee3f60000,0x0000016ee4360000] _byte_map_base: 0x0000016ee3b60000

Marking Bits: (CMBitMap*) 0x0000016ed16c6d50
 Bits: [0x0000016ee4360000, 0x0000016ee6360000)

Polling page: 0x0000016ed0e40000

Metaspace:
Metaspace        used 142399K, committed 144576K, reserved 1179648K
 class space     used 20735K, committed 21760K, reserved 1048576K

Usage:
  Non-class:    118.81 MB used.
      Class:     20.25 MB used.
       Both:    139.06 MB used.

Virtual space:
  Non-class space:      128.00 MB reserved,     119.94 MB ( 94%) committed,  2 nodes.
      Class space:        1.00 GB reserved,      21.25 MB (  2%) committed,  1 nodes.
             Both:        1.12 GB reserved,     141.19 MB ( 12%) committed. 

Chunk freelists:
   Non-Class:  7.25 MB
       Class:  10.77 MB
        Both:  18.02 MB

MaxMetaspaceSize: unlimited
CompressedClassSpaceSize: 1.00 GB
Initial GC threshold: 21.00 MB
Current GC threshold: 228.75 MB
CDS: off
 - commit_granule_bytes: 65536.
 - commit_granule_words: 8192.
 - virtual_space_node_default_size: 8388608.
 - enlarge_chunks_in_place: 1.
UseCompressedClassPointers 1, UseCompactObjectHeaders 0
Narrow klass pointer bits 32, Max shift 3
Narrow klass base: 0x0000000000000000, Narrow klass shift: 0
Encoding Range: [0x0000000000000000 - 0x0000000100000000), (4294967296 bytes)
Klass Range:    [0x0000000019000000 - 0x0000000059000000), (1073741824 bytes)
Klass ID Range:  [419430400 - 1493172217) (1073741817)
No protection zone.


Internal statistics:

num_allocs_failed_limit: 6.
num_arena_births: 4334.
num_arena_deaths: 0.
num_vsnodes_births: 3.
num_vsnodes_deaths: 0.
num_space_committed: 2255.
num_space_uncommitted: 0.
num_chunks_returned_to_freelist: 6.
num_chunks_taken_from_freelist: 10125.
num_chunk_merges: 3.
num_chunk_splits: 6818.
num_chunks_enlarged: 4559.
num_inconsistent_stats: 0.

CodeHeap 'non-profiled nmethods': size=120064Kb used=7759Kb max_used=7776Kb free=112304Kb
 bounds [0x0000016edc620000, 0x0000016edcdd0000, 0x0000016ee3b60000]
CodeHeap 'profiled nmethods': size=120000Kb used=19558Kb max_used=19607Kb free=100441Kb
 bounds [0x0000016ed4b60000, 0x0000016ed5ea0000, 0x0000016edc090000]
CodeHeap 'non-nmethods': size=5696Kb used=2097Kb max_used=2181Kb free=3598Kb
 bounds [0x0000016edc090000, 0x0000016edc300000, 0x0000016edc620000]
CodeCache: size=245760Kb, used=29414Kb, max_used=29564Kb, free=216343Kb
 total_blobs=14920, nmethods=13957, adapters=866, full_count=0
Compilation: enabled, stopped_count=0, restarted_count=0

Compilation events (20 events):
Event: 41.253 Thread 0x0000016ee89aef40 17291       2       com.android.tools.r8.internal.vd::<init> (42 bytes)
Event: 41.253 Thread 0x0000016ee89aef40 nmethod 17291 0x0000016ed5d33788 code [0x0000016ed5d33880, 0x0000016ed5d33b18]
Event: 41.255 Thread 0x0000016ee89aef40 17292   !   3       com.android.tools.r8.graph.x9::F0 (47 bytes)
Event: 41.255 Thread 0x0000016ee89aef40 nmethod 17292 0x0000016ed4ef3e88 code [0x0000016ed4ef3f80, 0x0000016ed4ef4308]
Event: 41.256 Thread 0x0000016ee89aef40 17293       3       com.android.tools.r8.internal.ov::a (20 bytes)
Event: 41.256 Thread 0x0000016ee89aef40 nmethod 17293 0x0000016ed5d33408 code [0x0000016ed5d33500, 0x0000016ed5d33718]
Event: 41.257 Thread 0x0000016ee89aef40 17294       3       com.android.tools.r8.internal.ek::a (430 bytes)
Event: 41.257 Thread 0x0000016ee89aef40 nmethod 17294 0x0000016ed5c67888 code [0x0000016ed5c67980, 0x0000016ed5c68ce0]
Event: 41.262 Thread 0x0000016ee89aef40 17295       2       com.android.tools.r8.internal.am::<init> (15 bytes)
Event: 41.262 Thread 0x0000016ee89aef40 nmethod 17295 0x0000016ed4ef3b88 code [0x0000016ed4ef3c80, 0x0000016ed4ef3d88]
Event: 41.262 Thread 0x0000016ee89aef40 17296       2       com.android.tools.r8.graph.w9::a (16 bytes)
Event: 41.262 Thread 0x0000016ee89aef40 nmethod 17296 0x0000016ed4fd1288 code [0x0000016ed4fd1380, 0x0000016ed4fd1688]
Event: 41.264 Thread 0x0000016ee89aef40 17297       2       com.android.tools.r8.graph.i6::h (16 bytes)
Event: 41.264 Thread 0x0000016ee89aef40 nmethod 17297 0x0000016ed4fd0c88 code [0x0000016ed4fd0d80, 0x0000016ed4fd1230]
Event: 41.265 Thread 0x0000016ee89aef40 17298       2       com.android.tools.r8.graph.i6::l (9 bytes)
Event: 41.265 Thread 0x0000016ee89aef40 nmethod 17298 0x0000016ed5898908 code [0x0000016ed5898a00, 0x0000016ed5898eb8]
Event: 41.265 Thread 0x0000016ee89aef40 17299       2       com.android.tools.r8.internal.as$$Lambda/0x000000001a492fd8::accept (12 bytes)
Event: 41.265 Thread 0x0000016ee89aef40 nmethod 17299 0x0000016ed4fd0788 code [0x0000016ed4fd0880, 0x0000016ed4fd0bd8]
Event: 41.265 Thread 0x0000016ee89aef40 17300       2       com.android.tools.r8.internal.as::a (11 bytes)
Event: 41.266 Thread 0x0000016ee89aef40 nmethod 17300 0x0000016ed5897f88 code [0x0000016ed5898080, 0x0000016ed58985e0]

GC Heap Usage History (20 events):
Event: 35.837 {heap After GC invocations=61 (full 0):
 garbage-first heap   total reserved 2097152K, committed 209920K, used 129474K [0x0000000080000000, 0x0000000100000000)
  region size 1024K, 7 young (7168K), 7 survivors (7168K)
}
Event: 36.353 {heap Before GC invocations=61 (full 0):
 garbage-first heap   total reserved 2097152K, committed 209920K, used 189890K [0x0000000080000000, 0x0000000100000000)
  region size 1024K, 67 young (68608K), 7 survivors (7168K)
}
Event: 36.362 {heap After GC invocations=62 (full 0):
 garbage-first heap   total reserved 2097152K, committed 209920K, used 133026K [0x0000000080000000, 0x0000000100000000)
  region size 1024K, 7 young (7168K), 7 survivors (7168K)
}
Event: 36.804 {heap Before GC invocations=63 (full 0):
 garbage-first heap   total reserved 2097152K, committed 224256K, used 190370K [0x0000000080000000, 0x0000000100000000)
  region size 1024K, 64 young (65536K), 7 survivors (7168K)
}
Event: 36.811 {heap After GC invocations=64 (full 0):
 garbage-first heap   total reserved 2097152K, committed 224256K, used 135638K [0x0000000080000000, 0x0000000100000000)
  region size 1024K, 6 young (6144K), 6 survivors (6144K)
}
Event: 37.136 {heap Before GC invocations=64 (full 0):
 garbage-first heap   total reserved 2097152K, committed 224256K, used 205270K [0x0000000080000000, 0x0000000100000000)
  region size 1024K, 75 young (76800K), 6 survivors (6144K)
}
Event: 37.154 {heap After GC invocations=65 (full 0):
 garbage-first heap   total reserved 2097152K, committed 272384K, used 145391K [0x0000000080000000, 0x0000000100000000)
  region size 1024K, 10 young (10240K), 10 survivors (10240K)
}
Event: 37.533 {heap Before GC invocations=65 (full 0):
 garbage-first heap   total reserved 2097152K, committed 272384K, used 242671K [0x0000000080000000, 0x0000000100000000)
  region size 1024K, 106 young (108544K), 10 survivors (10240K)
}
Event: 37.565 {heap After GC invocations=66 (full 0):
 garbage-first heap   total reserved 2097152K, committed 274432K, used 164847K [0x0000000080000000, 0x0000000100000000)
  region size 1024K, 14 young (14336K), 14 survivors (14336K)
}
Event: 37.763 {heap Before GC invocations=66 (full 0):
 garbage-first heap   total reserved 2097152K, committed 274432K, used 227311K [0x0000000080000000, 0x0000000100000000)
  region size 1024K, 74 young (75776K), 14 survivors (14336K)
}
Event: 37.788 {heap After GC invocations=67 (full 0):
 garbage-first heap   total reserved 2097152K, committed 274432K, used 179183K [0x0000000080000000, 0x0000000100000000)
  region size 1024K, 11 young (11264K), 11 survivors (11264K)
}
Event: 38.371 {heap Before GC invocations=68 (full 0):
 garbage-first heap   total reserved 2097152K, committed 301056K, used 246767K [0x0000000080000000, 0x0000000100000000)
  region size 1024K, 75 young (76800K), 11 survivors (11264K)
}
Event: 38.391 {heap After GC invocations=69 (full 0):
 garbage-first heap   total reserved 2097152K, committed 301056K, used 191983K [0x0000000080000000, 0x0000000100000000)
  region size 1024K, 10 young (10240K), 10 survivors (10240K)
}
Event: 39.289 {heap Before GC invocations=69 (full 0):
 garbage-first heap   total reserved 2097152K, committed 301056K, used 265711K [0x0000000080000000, 0x0000000100000000)
  region size 1024K, 83 young (84992K), 10 survivors (10240K)
}
Event: 39.303 {heap After GC invocations=70 (full 0):
 garbage-first heap   total reserved 2097152K, committed 301056K, used 189911K [0x0000000080000000, 0x0000000100000000)
  region size 1024K, 3 young (3072K), 3 survivors (3072K)
}
Event: 39.803 {heap Before GC invocations=70 (full 0):
 garbage-first heap   total reserved 2097152K, committed 301056K, used 270807K [0x0000000080000000, 0x0000000100000000)
  region size 1024K, 83 young (84992K), 3 survivors (3072K)
}
Event: 39.811 {heap After GC invocations=71 (full 0):
 garbage-first heap   total reserved 2097152K, committed 301056K, used 196876K [0x0000000080000000, 0x0000000100000000)
  region size 1024K, 10 young (10240K), 10 survivors (10240K)
}
Event: 40.732 {heap Before GC invocations=72 (full 0):
 garbage-first heap   total reserved 2097152K, committed 327680K, used 273676K [0x0000000080000000, 0x0000000100000000)
  region size 1024K, 85 young (87040K), 10 survivors (10240K)
}
Event: 40.750 {heap After GC invocations=73 (full 0):
 garbage-first heap   total reserved 2097152K, committed 327680K, used 209903K [0x0000000080000000, 0x0000000100000000)
  region size 1024K, 11 young (11264K), 11 survivors (11264K)
}
Event: 41.272 {heap Before GC invocations=73 (full 0):
 garbage-first heap   total reserved 2097152K, committed 327680K, used 295919K [0x0000000080000000, 0x0000000100000000)
  region size 1024K, 96 young (98304K), 11 survivors (11264K)
}

Metaspace Usage History (20 events):
Event: 35.837 {metaspace After GC invocations=61 (full 0):
 Metaspace       used 124812K, committed 127040K, reserved 1179648K
  class space    used 18169K, committed 19200K, reserved 1048576K
}
Event: 36.353 {metaspace Before GC invocations=61 (full 0):
 Metaspace       used 125867K, committed 128000K, reserved 1179648K
  class space    used 18328K, committed 19328K, reserved 1048576K
}
Event: 36.362 {metaspace After GC invocations=62 (full 0):
 Metaspace       used 125867K, committed 128000K, reserved 1179648K
  class space    used 18328K, committed 19328K, reserved 1048576K
}
Event: 36.804 {metaspace Before GC invocations=63 (full 0):
 Metaspace       used 127100K, committed 129216K, reserved 1179648K
  class space    used 18504K, committed 19520K, reserved 1048576K
}
Event: 36.811 {metaspace After GC invocations=64 (full 0):
 Metaspace       used 127100K, committed 129216K, reserved 1179648K
  class space    used 18504K, committed 19520K, reserved 1048576K
}
Event: 37.136 {metaspace Before GC invocations=64 (full 0):
 Metaspace       used 128830K, committed 131008K, reserved 1179648K
  class space    used 18740K, committed 19776K, reserved 1048576K
}
Event: 37.154 {metaspace After GC invocations=65 (full 0):
 Metaspace       used 128830K, committed 131008K, reserved 1179648K
  class space    used 18740K, committed 19776K, reserved 1048576K
}
Event: 37.533 {metaspace Before GC invocations=65 (full 0):
 Metaspace       used 128931K, committed 131136K, reserved 1179648K
  class space    used 18744K, committed 19776K, reserved 1048576K
}
Event: 37.565 {metaspace After GC invocations=66 (full 0):
 Metaspace       used 128931K, committed 131136K, reserved 1179648K
  class space    used 18744K, committed 19776K, reserved 1048576K
}
Event: 37.763 {metaspace Before GC invocations=66 (full 0):
 Metaspace       used 128981K, committed 131136K, reserved 1179648K
  class space    used 18744K, committed 19776K, reserved 1048576K
}
Event: 37.788 {metaspace After GC invocations=67 (full 0):
 Metaspace       used 128981K, committed 131136K, reserved 1179648K
  class space    used 18744K, committed 19776K, reserved 1048576K
}
Event: 38.371 {metaspace Before GC invocations=68 (full 0):
 Metaspace       used 129221K, committed 131328K, reserved 1179648K
  class space    used 18775K, committed 19776K, reserved 1048576K
}
Event: 38.391 {metaspace After GC invocations=69 (full 0):
 Metaspace       used 129221K, committed 131328K, reserved 1179648K
  class space    used 18775K, committed 19776K, reserved 1048576K
}
Event: 39.289 {metaspace Before GC invocations=69 (full 0):
 Metaspace       used 132487K, committed 134656K, reserved 1179648K
  class space    used 19189K, committed 20224K, reserved 1048576K
}
Event: 39.303 {metaspace After GC invocations=70 (full 0):
 Metaspace       used 132487K, committed 134656K, reserved 1179648K
  class space    used 19189K, committed 20224K, reserved 1048576K
}
Event: 39.803 {metaspace Before GC invocations=70 (full 0):
 Metaspace       used 137571K, committed 139776K, reserved 1179648K
  class space    used 19920K, committed 20928K, reserved 1048576K
}
Event: 39.811 {metaspace After GC invocations=71 (full 0):
 Metaspace       used 137571K, committed 139776K, reserved 1179648K
  class space    used 19920K, committed 20928K, reserved 1048576K
}
Event: 40.732 {metaspace Before GC invocations=72 (full 0):
 Metaspace       used 140750K, committed 143040K, reserved 1179648K
  class space    used 20439K, committed 21504K, reserved 1048576K
}
Event: 40.750 {metaspace After GC invocations=73 (full 0):
 Metaspace       used 140750K, committed 143040K, reserved 1179648K
  class space    used 20439K, committed 21504K, reserved 1048576K
}
Event: 41.272 {metaspace Before GC invocations=73 (full 0):
 Metaspace       used 142399K, committed 144576K, reserved 1179648K
  class space    used 20735K, committed 21760K, reserved 1048576K
}

Dll operation events (3 events):
Event: 0.015 Loaded shared library C:\Program Files\Android\Android Studio\jbr\bin\java.dll
Event: 0.024 Loaded shared library C:\Program Files\Android\Android Studio\jbr\bin\zip.dll
Event: 1.530 Loaded shared library C:\Program Files\Android\Android Studio\jbr\bin\verify.dll

Deoptimization events (20 events):
Event: 40.846 Thread 0x0000016ef1f6ae10 DEOPT PACKING pc=0x0000016ed5e43ee6 sp=0x000000572d3fb150
Event: 40.846 Thread 0x0000016ef1f6ae10 DEOPT UNPACKING pc=0x0000016edc0e1702 sp=0x000000572d3fa600 mode 0
Event: 41.127 Thread 0x0000016ef919df50 DEOPT PACKING pc=0x0000016ed54ccd64 sp=0x000000572d6f6c40
Event: 41.127 Thread 0x0000016ef919df50 DEOPT UNPACKING pc=0x0000016edc0e1702 sp=0x000000572d6f6028 mode 0
Event: 41.138 Thread 0x0000016ef1f6ae10 Uncommon trap: trap_request=0xffffff5e fr.pc=0x0000016edcbc6ec0 relative=0x00000000000000c0
Event: 41.138 Thread 0x0000016ef1f6ae10 Uncommon trap: reason=speculate_class_check action=maybe_recompile pc=0x0000016edcbc6ec0 method=com.android.tools.r8.internal.l0.next()Ljava/lang/Object; @ 21 c2
Event: 41.138 Thread 0x0000016ef1f6ae10 DEOPT PACKING pc=0x0000016edcbc6ec0 sp=0x000000572d3fb040
Event: 41.138 Thread 0x0000016ef1f6ae10 DEOPT UNPACKING pc=0x0000016edc1a5582 sp=0x000000572d3fafd8 mode 2
Event: 41.138 Thread 0x0000016ef1f6ae10 Uncommon trap: trap_request=0xffffff5e fr.pc=0x0000016edcbc6ec0 relative=0x00000000000000c0
Event: 41.138 Thread 0x0000016ef1f6ae10 Uncommon trap: reason=speculate_class_check action=maybe_recompile pc=0x0000016edcbc6ec0 method=com.android.tools.r8.internal.l0.next()Ljava/lang/Object; @ 21 c2
Event: 41.138 Thread 0x0000016ef1f6ae10 DEOPT PACKING pc=0x0000016edcbc6ec0 sp=0x000000572d3fb040
Event: 41.138 Thread 0x0000016ef1f6ae10 DEOPT UNPACKING pc=0x0000016edc1a5582 sp=0x000000572d3fafd8 mode 2
Event: 41.232 Thread 0x0000016ef919df50 Uncommon trap: trap_request=0xffffff5e fr.pc=0x0000016edcbc6ec0 relative=0x00000000000000c0
Event: 41.232 Thread 0x0000016ef919df50 Uncommon trap: reason=speculate_class_check action=maybe_recompile pc=0x0000016edcbc6ec0 method=com.android.tools.r8.internal.l0.next()Ljava/lang/Object; @ 21 c2
Event: 41.232 Thread 0x0000016ef919df50 DEOPT PACKING pc=0x0000016edcbc6ec0 sp=0x000000572d6f6d10
Event: 41.232 Thread 0x0000016ef919df50 DEOPT UNPACKING pc=0x0000016edc1a5582 sp=0x000000572d6f6ca8 mode 2
Event: 41.232 Thread 0x0000016ef919df50 Uncommon trap: trap_request=0xffffff5e fr.pc=0x0000016edcbc6ec0 relative=0x00000000000000c0
Event: 41.232 Thread 0x0000016ef919df50 Uncommon trap: reason=speculate_class_check action=maybe_recompile pc=0x0000016edcbc6ec0 method=com.android.tools.r8.internal.l0.next()Ljava/lang/Object; @ 21 c2
Event: 41.232 Thread 0x0000016ef919df50 DEOPT PACKING pc=0x0000016edcbc6ec0 sp=0x000000572d6f6d10
Event: 41.232 Thread 0x0000016ef919df50 DEOPT UNPACKING pc=0x0000016edc1a5582 sp=0x000000572d6f6ca8 mode 2

Classes loaded (20 events):
Event: 40.425 Loading class java/nio/file/FileSystemAlreadyExistsException
Event: 40.425 Loading class java/nio/file/FileSystemAlreadyExistsException done
Event: 40.425 Loading class java/nio/file/ProviderMismatchException
Event: 40.425 Loading class java/nio/file/ProviderMismatchException done
Event: 40.428 Loading class java/nio/channels/AsynchronousFileChannel
Event: 40.429 Loading class java/nio/channels/AsynchronousChannel
Event: 40.429 Loading class java/nio/channels/AsynchronousChannel done
Event: 40.429 Loading class java/nio/channels/AsynchronousFileChannel done
Event: 40.429 Loading class jdk/internal/jrtfs/JrtFileSystemProvider
Event: 40.430 Loading class jdk/internal/jrtfs/JrtFileSystemProvider done
Event: 40.430 Loading class sun/net/www/protocol/jrt/JavaRuntimeURLConnection
Event: 40.431 Loading class sun/net/www/protocol/jrt/JavaRuntimeURLConnection done
Event: 40.431 Loading class sun/net/www/protocol/jrt/JavaRuntimeURLConnection$1
Event: 40.431 Loading class sun/net/www/protocol/jrt/JavaRuntimeURLConnection$1 done
Event: 40.757 Loading class java/util/IdentityHashMap$EntrySpliterator
Event: 40.757 Loading class java/util/IdentityHashMap$IdentityHashMapSpliterator
Event: 40.758 Loading class java/util/IdentityHashMap$IdentityHashMapSpliterator done
Event: 40.758 Loading class java/util/IdentityHashMap$EntrySpliterator done
Event: 40.761 Loading class java/util/stream/SortedOps$RefSortingSink
Event: 40.762 Loading class java/util/stream/SortedOps$RefSortingSink done

Classes unloaded (0 events):
No events

Classes redefined (0 events):
No events

Internal exceptions (20 events):
Event: 41.236 Thread 0x0000016ef1f6d520 Exception <a 'sun/nio/fs/WindowsException'{0x000000008e50a510}> (0x000000008e50a510) 
thrown [s\src\hotspot\share\prims\jni.cpp, line 535]
Event: 41.236 Thread 0x0000016ef1f6d520 Exception <a 'sun/nio/fs/WindowsException'{0x000000008e510760}> (0x000000008e510760) 
thrown [s\src\hotspot\share\prims\jni.cpp, line 535]
Event: 41.237 Thread 0x0000016ef1f6d520 Exception <a 'sun/nio/fs/WindowsException'{0x000000008e5169b8}> (0x000000008e5169b8) 
thrown [s\src\hotspot\share\prims\jni.cpp, line 535]
Event: 41.237 Thread 0x0000016ef1f6d520 Exception <a 'sun/nio/fs/WindowsException'{0x000000008e51cc08}> (0x000000008e51cc08) 
thrown [s\src\hotspot\share\prims\jni.cpp, line 535]
Event: 41.237 Thread 0x0000016ef1f6d520 Exception <a 'sun/nio/fs/WindowsException'{0x000000008e591460}> (0x000000008e591460) 
thrown [s\src\hotspot\share\prims\jni.cpp, line 535]
Event: 41.238 Thread 0x0000016ef1f6d520 Exception <a 'sun/nio/fs/WindowsException'{0x000000008e5976b0}> (0x000000008e5976b0) 
thrown [s\src\hotspot\share\prims\jni.cpp, line 535]
Event: 41.238 Thread 0x0000016ef1f6d520 Exception <a 'sun/nio/fs/WindowsException'{0x000000008e59d908}> (0x000000008e59d908) 
thrown [s\src\hotspot\share\prims\jni.cpp, line 535]
Event: 41.238 Thread 0x0000016ef1f6d520 Exception <a 'sun/nio/fs/WindowsException'{0x000000008e5a3b50}> (0x000000008e5a3b50) 
thrown [s\src\hotspot\share\prims\jni.cpp, line 535]
Event: 41.239 Thread 0x0000016ef1f6d520 Exception <a 'sun/nio/fs/WindowsException'{0x000000008e5a9d88}> (0x000000008e5a9d88) 
thrown [s\src\hotspot\share\prims\jni.cpp, line 535]
Event: 41.240 Thread 0x0000016ef1f6d520 Exception <a 'sun/nio/fs/WindowsException'{0x000000008e400140}> (0x000000008e400140) 
thrown [s\src\hotspot\share\prims\jni.cpp, line 535]
Event: 41.243 Thread 0x0000016ef1f6d520 Exception <a 'sun/nio/fs/WindowsException'{0x000000008e407230}> (0x000000008e407230) 
thrown [s\src\hotspot\share\prims\jni.cpp, line 535]
Event: 41.246 Thread 0x0000016ef1f6d520 Exception <a 'java/lang/IncompatibleClassChangeError'{0x000000008e417230}: Found class java.lang.Object, but interface was expected> (0x000000008e417230) 
thrown [s\src\hotspot\share\interpreter\linkResolver.cpp, line 882]
Event: 41.246 Thread 0x0000016ef1f6d520 Exception <a 'sun/nio/fs/WindowsException'{0x000000008e48fc80}> (0x000000008e48fc80) 
thrown [s\src\hotspot\share\prims\jni.cpp, line 535]
Event: 41.250 Thread 0x0000016ef1f6d520 Exception <a 'sun/nio/fs/WindowsException'{0x000000008e3798c8}> (0x000000008e3798c8) 
thrown [s\src\hotspot\share\prims\jni.cpp, line 535]
Event: 41.251 Thread 0x0000016ef1f6d520 Exception <a 'sun/nio/fs/WindowsException'{0x000000008e380800}> (0x000000008e380800) 
thrown [s\src\hotspot\share\prims\jni.cpp, line 535]
Event: 41.251 Thread 0x0000016ef1f6d520 Exception <a 'sun/nio/fs/WindowsException'{0x000000008e385b20}> (0x000000008e385b20) 
thrown [s\src\hotspot\share\prims\jni.cpp, line 535]
Event: 41.251 Thread 0x0000016ef1f6d520 Exception <a 'sun/nio/fs/WindowsException'{0x000000008e38b078}> (0x000000008e38b078) 
thrown [s\src\hotspot\share\prims\jni.cpp, line 535]
Event: 41.252 Thread 0x0000016ef1f6d520 Exception <a 'sun/nio/fs/WindowsException'{0x000000008e3ff3a0}> (0x000000008e3ff3a0) 
thrown [s\src\hotspot\share\prims\jni.cpp, line 535]
Event: 41.253 Thread 0x0000016ef1f6d520 Exception <a 'sun/nio/fs/WindowsException'{0x000000008e205958}> (0x000000008e205958) 
thrown [s\src\hotspot\share\prims\jni.cpp, line 535]
Event: 41.253 Thread 0x0000016ef1f6d520 Exception <a 'sun/nio/fs/WindowsException'{0x000000008e20ac50}> (0x000000008e20ac50) 
thrown [s\src\hotspot\share\prims\jni.cpp, line 535]

VM Operations (20 events):
Event: 40.419 Executing non-safepoint VM operation: HandshakeAllThreads (Deoptimize) done
Event: 40.424 Executing non-safepoint VM operation: HandshakeAllThreads (Deoptimize)
Event: 40.424 Executing non-safepoint VM operation: HandshakeAllThreads (Deoptimize) done
Event: 40.428 Executing non-safepoint VM operation: HandshakeAllThreads (Deoptimize)
Event: 40.428 Executing non-safepoint VM operation: HandshakeAllThreads (Deoptimize) done
Event: 40.456 Executing non-safepoint VM operation: HandshakeAllThreads (Deoptimize)
Event: 40.456 Executing non-safepoint VM operation: HandshakeAllThreads (Deoptimize) done
Event: 40.468 Executing non-safepoint VM operation: HandshakeAllThreads (Deoptimize)
Event: 40.468 Executing non-safepoint VM operation: HandshakeAllThreads (Deoptimize) done
Event: 40.620 Executing non-safepoint VM operation: HandshakeAllThreads (Deoptimize)
Event: 40.650 Executing non-safepoint VM operation: HandshakeAllThreads (Deoptimize) done
Event: 40.727 Executing safepoint VM operation: G1CollectForAllocation (G1 Evacuation Pause)
Event: 40.750 Executing safepoint VM operation: G1CollectForAllocation (G1 Evacuation Pause) done
Event: 40.797 Executing non-safepoint VM operation: HandshakeAllThreads (Deoptimize)
Event: 40.833 Executing non-safepoint VM operation: HandshakeAllThreads (Deoptimize) done
Event: 40.842 Executing non-safepoint VM operation: HandshakeAllThreads (Deoptimize)
Event: 40.845 Executing non-safepoint VM operation: HandshakeAllThreads (Deoptimize) done
Event: 41.125 Executing non-safepoint VM operation: HandshakeAllThreads (Deoptimize)
Event: 41.129 Executing non-safepoint VM operation: HandshakeAllThreads (Deoptimize) done
Event: 41.267 Executing safepoint VM operation: G1CollectForAllocation (G1 Evacuation Pause)

Memory protections (0 events):
No events

Nmethod flushes (20 events):
Event: 40.130 Thread 0x0000016ee894e030 flushing  nmethod 0x0000016ed5c1c008
Event: 40.130 Thread 0x0000016ee894e030 flushing  nmethod 0x0000016ed5c41088
Event: 40.130 Thread 0x0000016ee894e030 flushing  nmethod 0x0000016ed5c43d88
Event: 40.130 Thread 0x0000016ee894e030 flushing  nmethod 0x0000016ed5ca0f08
Event: 40.130 Thread 0x0000016ee894e030 flushing  nmethod 0x0000016ed5cc7b08
Event: 40.130 Thread 0x0000016ee894e030 flushing  nmethod 0x0000016ed5cc8008
Event: 40.130 Thread 0x0000016ee894e030 flushing  nmethod 0x0000016ed5cf6608
Event: 40.130 Thread 0x0000016ee894e030 flushing  nmethod 0x0000016ed5cfae08
Event: 40.130 Thread 0x0000016ee894e030 flushing  nmethod 0x0000016ed5d0e688
Event: 40.130 Thread 0x0000016ee894e030 flushing  nmethod 0x0000016ed5d44208
Event: 40.130 Thread 0x0000016ee894e030 flushing  nmethod 0x0000016ed5d44508
Event: 40.130 Thread 0x0000016ee894e030 flushing  nmethod 0x0000016ed5d44c08
Event: 40.130 Thread 0x0000016ee894e030 flushing  nmethod 0x0000016ed5d45688
Event: 40.130 Thread 0x0000016ee894e030 flushing  nmethod 0x0000016ed5d45f88
Event: 40.130 Thread 0x0000016ee894e030 flushing  nmethod 0x0000016ed5d47288
Event: 40.130 Thread 0x0000016ee894e030 flushing  nmethod 0x0000016ed5d48188
Event: 40.130 Thread 0x0000016ee894e030 flushing  nmethod 0x0000016ed5d48608
Event: 40.130 Thread 0x0000016ee894e030 flushing  nmethod 0x0000016ed5d48a88
Event: 40.130 Thread 0x0000016ee894e030 flushing osr nmethod 0x0000016ed5d67908
Event: 40.130 Thread 0x0000016ee894e030 flushing  nmethod 0x0000016ed5d77088

Events (20 events):
Event: 32.259 Thread 0x0000016ee89aef40 Thread added: 0x0000016ef10fc170
Event: 32.503 Thread 0x0000016ef00a2990 Thread added: 0x0000016ef91a1dd0
Event: 32.507 Thread 0x0000016ef91a1dd0 Thread exited: 0x0000016ef91a1dd0
Event: 32.550 Thread 0x0000016ef00a2990 Thread added: 0x0000016ef919f6c0
Event: 32.592 Thread 0x0000016ef919f6c0 Thread exited: 0x0000016ef919f6c0
Event: 32.949 Thread 0x0000016ef00a2990 Thread added: 0x0000016ef919df50
Event: 32.960 Thread 0x0000016ef919df50 Thread added: 0x0000016ef91a25a0
Event: 32.961 Thread 0x0000016ef919df50 Thread added: 0x0000016ef91a2d70
Event: 32.961 Thread 0x0000016ef919df50 Thread added: 0x0000016ef91a3540
Event: 32.986 Thread 0x0000016ef919df50 Thread added: 0x0000016eed175e40
Event: 33.253 Thread 0x0000016ef91a3540 Thread added: 0x0000016eed172790
Event: 34.823 Thread 0x0000016ef91a2d70 Thread added: 0x0000016eed178d20
Event: 35.347 Thread 0x0000016ef919df50 Thread added: 0x0000016eed176610
Event: 36.566 Thread 0x0000016ef91a3540 Thread added: 0x0000016eed177d80
Event: 36.796 Thread 0x0000016ef91a25a0 Thread added: 0x0000016ef919fe90
Event: 36.796 Thread 0x0000016ef91a25a0 Thread added: 0x0000016ef1f6d520
Event: 36.797 Thread 0x0000016ef1f6d520 Thread added: 0x0000016ef97665f0
Event: 36.798 Thread 0x0000016ef919fe90 Thread added: 0x0000016ef9761fa0
Event: 39.116 Thread 0x0000016eed177d80 Thread added: 0x0000016ef97646b0
Event: 39.491 Thread 0x0000016ef91a2d70 Thread added: 0x0000016ef9768d00


Dynamic libraries:
0x00007ff7d9c50000 - 0x00007ff7d9c5a000 	C:\Program Files\Android\Android Studio\jbr\bin\java.exe
0x00007ffc19c50000 - 0x00007ffc19e49000 	C:\Windows\SYSTEM32\ntdll.dll
0x00007ffbea170000 - 0x00007ffbea191000 	C:\Program Files\Avast Software\Avast\aswhook.dll
0x00007ffc19930000 - 0x00007ffc199f2000 	C:\Windows\System32\KERNEL32.DLL
0x00007ffc17610000 - 0x00007ffc17907000 	C:\Windows\System32\KERNELBASE.dll
0x00007ffc17960000 - 0x00007ffc17a60000 	C:\Windows\System32\ucrtbase.dll
0x00007ffc02d80000 - 0x00007ffc02d96000 	C:\Program Files\Android\Android Studio\jbr\bin\jli.dll
0x00007ffc14490000 - 0x00007ffc144ab000 	C:\Program Files\Android\Android Studio\jbr\bin\VCRUNTIME140.dll
0x00007ffc19630000 - 0x00007ffc197cd000 	C:\Windows\System32\USER32.dll
0x00007ffc175e0000 - 0x00007ffc17602000 	C:\Windows\System32\win32u.dll
0x00007ffc0a520000 - 0x00007ffc0a7bb000 	C:\Windows\WinSxS\amd64_microsoft.windows.common-controls_6595b64144ccf1df_6.0.19041.7548_none_60b77ab371f759b9\COMCTL32.dll
0x00007ffc19900000 - 0x00007ffc1992b000 	C:\Windows\System32\GDI32.dll
0x00007ffc181d0000 - 0x00007ffc1826e000 	C:\Windows\System32\msvcrt.dll
0x00007ffc174c0000 - 0x00007ffc175da000 	C:\Windows\System32\gdi32full.dll
0x00007ffc17a60000 - 0x00007ffc17afd000 	C:\Windows\System32\msvcp_win.dll
0x00007ffc18bb0000 - 0x00007ffc18bdf000 	C:\Windows\System32\IMM32.DLL
0x00007ffc14480000 - 0x00007ffc1448c000 	C:\Program Files\Android\Android Studio\jbr\bin\vcruntime140_1.dll
0x00007ffbe9b30000 - 0x00007ffbe9bbd000 	C:\Program Files\Android\Android Studio\jbr\bin\msvcp140.dll
0x00007ffbc6a80000 - 0x00007ffbc795a000 	C:\Program Files\Android\Android Studio\jbr\bin\server\jvm.dll
0x00007ffc18be0000 - 0x00007ffc18c91000 	C:\Windows\System32\ADVAPI32.dll
0x00007ffc18f80000 - 0x00007ffc1901f000 	C:\Windows\System32\sechost.dll
0x00007ffc19490000 - 0x00007ffc195b6000 	C:\Windows\System32\RPCRT4.dll
0x00007ffc17400000 - 0x00007ffc17427000 	C:\Windows\System32\bcrypt.dll
0x00007ffc195c0000 - 0x00007ffc1962b000 	C:\Windows\System32\WS2_32.dll
0x00007ffc0e770000 - 0x00007ffc0e797000 	C:\Windows\SYSTEM32\WINMM.dll
0x00007ffc17120000 - 0x00007ffc1716b000 	C:\Windows\SYSTEM32\POWRPROF.dll
0x00007ffc10e20000 - 0x00007ffc10e2a000 	C:\Windows\SYSTEM32\VERSION.dll
0x00007ffc17100000 - 0x00007ffc17112000 	C:\Windows\SYSTEM32\UMPDC.dll
0x00007ffc15150000 - 0x00007ffc15162000 	C:\Windows\SYSTEM32\kernel.appcore.dll
0x00007ffc14470000 - 0x00007ffc1447a000 	C:\Program Files\Android\Android Studio\jbr\bin\jimage.dll
0x00007ffc10330000 - 0x00007ffc10531000 	C:\Windows\SYSTEM32\DBGHELP.DLL
0x00007ffc102f0000 - 0x00007ffc10324000 	C:\Windows\SYSTEM32\dbgcore.DLL
0x00007ffc17430000 - 0x00007ffc174b2000 	C:\Windows\System32\bcryptPrimitives.dll
0x00007ffc02d40000 - 0x00007ffc02d4e000 	C:\Program Files\Android\Android Studio\jbr\bin\instrument.dll
0x00007ffbef2c0000 - 0x00007ffbef2df000 	C:\Program Files\Android\Android Studio\jbr\bin\java.dll
0x00007ffc197d0000 - 0x00007ffc198fb000 	C:\Windows\System32\ole32.dll
0x00007ffc17e10000 - 0x00007ffc18163000 	C:\Windows\System32\combase.dll
0x00007ffc183e0000 - 0x00007ffc18b50000 	C:\Windows\System32\SHELL32.dll
0x00007ffbef280000 - 0x00007ffbef297000 	C:\Program Files\Android\Android Studio\jbr\bin\zip.dll
0x00007ffc15360000 - 0x00007ffc15b06000 	C:\Windows\SYSTEM32\windows.storage.dll
0x00007ffc16c20000 - 0x00007ffc16c4b000 	C:\Windows\SYSTEM32\Wldp.dll
0x00007ffc18300000 - 0x00007ffc183d6000 	C:\Windows\System32\OLEAUT32.dll
0x00007ffc19a80000 - 0x00007ffc19b2d000 	C:\Windows\System32\SHCORE.dll
0x00007ffc18170000 - 0x00007ffc181cb000 	C:\Windows\System32\shlwapi.dll
0x00007ffc17200000 - 0x00007ffc17224000 	C:\Windows\SYSTEM32\profapi.dll
0x00007ffbef170000 - 0x00007ffbef180000 	C:\Program Files\Android\Android Studio\jbr\bin\net.dll
0x00007ffc16950000 - 0x00007ffc169ba000 	C:\Windows\system32\mswsock.dll
0x00007ffbedcd0000 - 0x00007ffbedce6000 	C:\Program Files\Android\Android Studio\jbr\bin\nio.dll
0x00007ffbec590000 - 0x00007ffbec5a0000 	C:\Program Files\Android\Android Studio\jbr\bin\verify.dll
0x00007ffc14560000 - 0x00007ffc14587000 	C:\Users\Abdullah\.gradle\native\660c5614fbf4a5f2a75b1949f50a0caf5cd603558e7d8a26e50b933a0cfb79d1\windows-amd64\native-platform.dll
0x00007ffbedae0000 - 0x00007ffbedb57000 	C:\Users\Abdullah\.gradle\native\0.2.8\x86_64-windows-gnu\gradle-fileevents.dll
0x00007ffbec6f0000 - 0x00007ffbec6f9000 	C:\Program Files\Android\Android Studio\jbr\bin\management.dll
0x00007ffbec680000 - 0x00007ffbec68b000 	C:\Program Files\Android\Android Studio\jbr\bin\management_ext.dll
0x00007ffc18ec0000 - 0x00007ffc18ec8000 	C:\Windows\System32\PSAPI.DLL
0x00007ffc16630000 - 0x00007ffc1666b000 	C:\Windows\SYSTEM32\IPHLPAPI.DLL
0x00007ffc17c60000 - 0x00007ffc17c68000 	C:\Windows\System32\NSI.dll
0x00007ffbec700000 - 0x00007ffbec709000 	C:\Program Files\Android\Android Studio\jbr\bin\extnet.dll
0x00007ffc16b80000 - 0x00007ffc16b98000 	C:\Windows\SYSTEM32\CRYPTSP.dll
0x00007ffc16270000 - 0x00007ffc162a8000 	C:\Windows\system32\rsaenh.dll
0x00007ffc171b0000 - 0x00007ffc171de000 	C:\Windows\SYSTEM32\USERENV.dll
0x00007ffc16b70000 - 0x00007ffc16b7c000 	C:\Windows\SYSTEM32\CRYPTBASE.dll
0x00007ffbd0130000 - 0x00007ffbd0137000 	C:\Windows\system32\wshunix.dll
0x00007ffc148b0000 - 0x00007ffc14944000 	C:\Windows\system32\apphelp.dll

JVMTI agents:
C:\Users\Abdullah\.gradle\wrapper\dists\gradle-9.5.0-bin\bvnork1r7n8i6kp5cnkibsc9q\gradle-9.5.0\lib\agents\gradle-instrumentation-agent-9.5.0.jar path:C:\Program Files\Android\Android Studio\jbr\bin\instrument.dll, loaded, initialized, instrumentlib options:none

dbghelp: loaded successfully - version: 4.0.5 - missing functions: none
symbol engine: initialized successfully - sym options: 0x614 - pdb path: .;C:\Program Files\Android\Android Studio\jbr\bin;C:\Windows\SYSTEM32;C:\Program Files\Avast Software\Avast;C:\Windows\WinSxS\amd64_microsoft.windows.common-controls_6595b64144ccf1df_6.0.19041.7548_none_60b77ab371f759b9;C:\Program Files\Android\Android Studio\jbr\bin\server;C:\Users\Abdullah\.gradle\native\660c5614fbf4a5f2a75b1949f50a0caf5cd603558e7d8a26e50b933a0cfb79d1\windows-amd64;C:\Users\Abdullah\.gradle\native\0.2.8\x86_64-windows-gnu

VM Arguments:
jvm_args: --add-opens=java.base/java.lang=ALL-UNNAMED --add-opens=java.base/java.lang.invoke=ALL-UNNAMED --add-opens=java.base/java.util=ALL-UNNAMED --add-opens=java.prefs/java.util.prefs=ALL-UNNAMED --add-exports=jdk.compiler/com.sun.tools.javac.api=ALL-UNNAMED --add-exports=jdk.compiler/com.sun.tools.javac.util=ALL-UNNAMED --add-opens=java.base/java.nio.charset=ALL-UNNAMED --add-opens=java.base/java.net=ALL-UNNAMED --add-opens=java.base/java.util.concurrent=ALL-UNNAMED --add-opens=java.base/java.util.concurrent.atomic=ALL-UNNAMED --add-opens=java.xml/javax.xml.namespace=ALL-UNNAMED --add-opens=java.base/java.time=ALL-UNNAMED --enable-native-access=ALL-UNNAMED -Xmx2048m -Dfile.encoding=UTF-8 -Duser.country=US -Duser.language=en -Duser.variant -javaagent:C:\Users\Abdullah\.gradle\wrapper\dists\gradle-9.5.0-bin\bvnork1r7n8i6kp5cnkibsc9q\gradle-9.5.0\lib\agents\gradle-instrumentation-agent-9.5.0.jar 
java_command: org.gradle.launcher.daemon.bootstrap.GradleDaemon 9.5.0
java_class_path (initial): C:\Users\Abdullah\.gradle\wrapper\dists\gradle-9.5.0-bin\bvnork1r7n8i6kp5cnkibsc9q\gradle-9.5.0\lib\gradle-daemon-main-9.5.0.jar
Launcher Type: SUN_STANDARD

[Global flags]
     intx CICompilerCount                          = 3                                         {product} {ergonomic}
     uint ConcGCThreads                            = 1                                         {product} {ergonomic}
     uint G1ConcRefinementThreads                  = 4                                         {product} {ergonomic}
   size_t G1HeapRegionSize                         = 1048576                                   {product} {ergonomic}
   size_t InitialHeapSize                          = 268435456                                 {product} {ergonomic}
   size_t MarkStackSize                            = 4194304                                   {product} {ergonomic}
   size_t MarkStackSizeMax                         = 536870912                                 {product} {ergonomic}
   size_t MaxHeapSize                              = 2147483648                                {product} {command line}
   size_t MaxNewSize                               = 1287651328                                {product} {ergonomic}
   size_t MinHeapDeltaBytes                        = 1048576                                   {product} {ergonomic}
   size_t MinHeapSize                              = 8388608                                   {product} {ergonomic}
    uintx NonNMethodCodeHeapSize                   = 5832704                                {pd product} {ergonomic}
    uintx NonProfiledCodeHeapSize                  = 122945536                              {pd product} {ergonomic}
    uintx ProfiledCodeHeapSize                     = 122880000                              {pd product} {ergonomic}
    uintx ReservedCodeCacheSize                    = 251658240                              {pd product} {ergonomic}
     bool SegmentedCodeCache                       = true                                      {product} {ergonomic}
   size_t SoftMaxHeapSize                          = 2147483648                             {manageable} {ergonomic}
     bool UseCompressedOops                        = true                           {product lp64_product} {ergonomic}
     bool UseG1GC                                  = true                                      {product} {ergonomic}
     bool UseLargePagesIndividualAllocation        = false                                  {pd product} {ergonomic}

Logging:
Log output configuration:
 #0: stdout all=warning uptime,level,tags foldmultilines=false
 #1: stderr all=off uptime,level,tags foldmultilines=false

Release file:
JAVA_VERSION="25.0.2" 
MODULES="java.base java.compiler java.datatransfer java.xml java.prefs java.desktop java.instrument java.logging java.management java.security.sasl java.naming java.rmi java.management.rmi java.net.http java.scripting java.security.jgss java.transaction.xa java.sql java.sql.rowset java.xml.crypto java.se java.smartcardio jdk.accessibility jdk.internal.jvmstat jdk.attach jdk.charsets jdk.internal.opt jdk.zipfs jdk.compiler jdk.crypto.cryptoki jdk.crypto.ec jdk.dynalink jdk.hotspot.agent jdk.httpserver jdk.internal.ed jdk.internal.le jdk.internal.md jdk.internal.vm.ci jdk.jartool jdk.javadoc jdk.jcmd jdk.jdeps jdk.jdwp.agent jdk.jdi jdk.jfr jdk.jlink jdk.localedata jdk.management jdk.management.agent jdk.management.jfr jdk.naming.dns jdk.naming.rmi jdk.net jdk.sctp jdk.security.auth jdk.security.jgss jdk.unsupported jdk.unsupported.desktop jdk.xml.dom" 
IMPLEMENTOR="JetBrains s.r.o." 
JAVA_RUNTIME_VERSION="25.0.2+-15348964-b329.117" 
LIBC="default" 
OS_ARCH="x86_64" 
OS_NAME="Windows" 
SOURCE=".:git:3cf398e84a39" 

Environment Variables:
JAVA_HOME=C:\Program Files\Android\Android Studio\jbr
PATH=C:/Users/Abdullah/.gemini/antigravity/bin;C:\Users\Abdullah\AppData\Roaming\Antigravity\bin;C:\Windows\system32;C:\Windows;C:\Windows\System32\Wbem;C:\Windows\System32\WindowsPowerShell\v1.0\;C:\Windows\System32\OpenSSH\;C:\Program Files (x86)\AMD\ATI.ACE\Core-Static;C:\Program Files\Git\cmd;C:\Program Files\dotnet\;C:\Users\Abdullah\AppData\Local\Microsoft\WindowsApps;C:\Users\Abdullah\AppData\Local\Programs\cursor\resources\app\bin;C:\Users\Abdullah\AppData\Local\Programs\Devin\bin;C:\Users\Abdullah\AppData\Local\Programs\Kiro\bin;C:\Users\Abdullah\AppData\Local\Programs\Antigravity IDE\bin
USERNAME=Abdullah
OS=Windows_NT
PROCESSOR_IDENTIFIER=Intel64 Family 6 Model 94 Stepping 3, GenuineIntel
TMP=C:\Users\Abdullah\AppData\Local\Temp
TEMP=C:\Users\Abdullah\AppData\Local\Temp




Compilation memory statistics disabled.

Periodic native trim disabled

JNI global refs:
JNI global refs: 23, weak refs: 22

JNI global refs memory usage: 835, weak refs: 833

Process memory usage:
Resident Set Size: 702172K (4% of 16699556K total physical memory with 851044K free physical memory)

OOME stack traces (most recent first):
Classloader memory used:
Loader org.gradle.internal.classloader.VisitableURLClassLoader$InstrumentingVisitableURLClassLoader: 48733 K
Loader org.gradle.internal.classloader.VisitableURLClassLoader                         : 45489 K
Loader bootstrap                                                                       : 30278 K
Loader org.gradle.initialization.MixInLegacyTypesClassLoader                           : 16031 K
Loader jdk.internal.loader.ClassLoaders$AppClassLoader                                 : 1413 K
Loader jdk.internal.loader.ClassLoaders$PlatformClassLoader                            : 290 K
Loader org.gradle.internal.classloader.VisitableURLClassLoader                         : 162 K

Classes loaded by more than one classloader:
Class Program                                                                         : loaded 5 times (x 74B)
Class Build_gradle                                                                    : loaded 3 times (x 128B)
Class com.google.common.collect.RegularImmutableMap$KeySet                            : loaded 2 times (x 154B)
Class org.gradle.internal.classloader.FilteringClassLoader                            : loaded 2 times (x 106B)
Class [Lcom.google.common.collect.MapMakerInternalMap$Segment;                        : loaded 2 times (x 71B)
Class [Lcom.google.common.base.AbstractIterator$State;                                : loaded 2 times (x 71B)
Class com.google.common.io.FileWriteMode                                              : loaded 2 times (x 81B)
Class com.google.common.base.CharMatcher$IsEither                                     : loaded 2 times (x 113B)
Class org.gradle.internal.classloader.ClassLoaderHierarchy                            : loaded 2 times (x 72B)
Class com.google.common.collect.AbstractMapBasedMultimap$WrappedCollection            : loaded 2 times (x 126B)
Class com.google.common.collect.ImmutableEnumSet                                      : loaded 2 times (x 148B)
Class com.google.common.collect.ImmutableList$1                                       : loaded 2 times (x 99B)
Class com.google.common.util.concurrent.ExecutionError                                : loaded 2 times (x 84B)
Class com.google.common.io.ByteArrayDataOutput                                        : loaded 2 times (x 72B)
Class com.google.common.collect.RegularImmutableMap                                   : loaded 2 times (x 122B)
Class com.google.common.collect.ImmutableMap$MapViewOfValuesAsSingletonSets           : loaded 2 times (x 128B)
Class [Lorg.objectweb.asm.Symbol;                                                     : loaded 2 times (x 71B)
Class org.objectweb.asm.ClassVisitor                                                  : loaded 2 times (x 90B)
Class com.google.common.collect.UnmodifiableListIterator                              : loaded 2 times (x 97B)
Class com.google.common.collect.MapMakerInternalMap$StrongKeyDummyValueEntry$LinkedStrongKeyDummyValueEntry: loaded 2 times (x 84B)
Class com.google.common.collect.MapMakerInternalMap$Strength                          : loaded 2 times (x 82B)
Class com.google.common.base.Platform$JdkPatternCompiler                              : loaded 2 times (x 77B)
Class org.objectweb.asm.MethodTooLargeException                                       : loaded 2 times (x 84B)
Class [Lcom.google.common.cache.CacheBuilder$OneWeigher;                              : loaded 2 times (x 71B)
Class com.google.common.base.Suppliers                                                : loaded 2 times (x 73B)
Class org.gradle.internal.classloader.DefaultClassLoaderFactory                       : loaded 2 times (x 84B)
Class com.google.common.base.CharMatcher$None                                         : loaded 2 times (x 114B)
Class com.google.common.io.ByteSource$ConcatenatedByteSource                          : loaded 2 times (x 87B)
Class [Lcom.google.common.collect.ImmutableMapEntry;                                  : loaded 2 times (x 71B)
Class [Lorg.apache.commons.io.StandardLineSeparator;                                  : loaded 2 times (x 71B)
Class org.apache.commons.io.output.StringBuilderWriter                                : loaded 2 times (x 102B)
Class com.google.common.collect.ListMultimap                                          : loaded 2 times (x 72B)
Class com.google.common.collect.ImmutableEnumMap                                      : loaded 2 times (x 128B)
Class com.google.common.collect.Iterators$EmptyModifiableIterator                     : loaded 2 times (x 88B)
Class com.google.common.base.Splitter                                                 : loaded 2 times (x 74B)
Class com.google.common.collect.Sets$1                                                : loaded 2 times (x 143B)
Class org.objectweb.asm.AnnotationVisitor                                             : loaded 2 times (x 80B)
Class org.gradle.api.internal.DefaultClassPathProvider                                : loaded 2 times (x 78B)
Class com.google.common.collect.MapMakerInternalMap$Strength$1                        : loaded 2 times (x 82B)
Class com.google.common.collect.Maps$ViewCachingAbstractMap                           : loaded 2 times (x 127B)
Class com.google.common.io.CharSource$ConcatenatedCharSource                          : loaded 2 times (x 88B)
Class com.google.common.collect.Sets$2                                                : loaded 2 times (x 143B)
Class [Lorg.gradle.api.internal.ClassPathProvider;                                    : loaded 2 times (x 71B)
Class org.gradle.api.internal.ClassPathProvider                                       : loaded 2 times (x 72B)
Class com.google.common.collect.MapMakerInternalMap$Strength$2                        : loaded 2 times (x 82B)
Class com.google.common.base.AbstractIterator$State                                   : loaded 2 times (x 81B)
Class [Lorg.objectweb.asm.AnnotationVisitor;                                          : loaded 2 times (x 71B)
Class com.google.common.collect.Sets$3                                                : loaded 2 times (x 143B)
Class com.google.common.cache.LocalCache$LocalLoadingCache                            : loaded 2 times (x 136B)
Class org.gradle.internal.service.UnknownServiceException                             : loaded 2 times (x 85B)
Class com.google.common.collect.MapMakerInternalMap$StrongValueEntry                  : loaded 2 times (x 72B)
Class com.google.common.io.ByteArrayDataInput                                         : loaded 2 times (x 72B)
Class com.google.common.collect.Sets$4                                                : loaded 2 times (x 143B)
Class org.objectweb.asm.ModuleVisitor                                                 : loaded 2 times (x 83B)
Class com.google.common.cache.LocalCache$Strength$1                                   : loaded 2 times (x 83B)
Class org.apache.commons.io.output.QueueOutputStream                                  : loaded 2 times (x 89B)
Class com.google.common.util.concurrent.SettableFuture                                : loaded 2 times (x 116B)
Class com.google.common.cache.LocalCache$Strength$2                                   : loaded 2 times (x 83B)
Class com.google.common.collect.TransformedIterator                                   : loaded 2 times (x 82B)
Class com.google.common.collect.Interners$InternerImpl                                : loaded 2 times (x 77B)
Class com.google.common.collect.Interner                                              : loaded 2 times (x 72B)
Class com.google.common.base.Splitter$1                                               : loaded 2 times (x 79B)
Class com.google.common.io.ByteStreams                                                : loaded 2 times (x 73B)
Class com.google.common.cache.LocalCache$Strength$3                                   : loaded 2 times (x 83B)
Class com.google.common.collect.MapDifference                                         : loaded 2 times (x 72B)
Class com.google.common.collect.MapMaker$Dummy                                        : loaded 2 times (x 81B)
Class org.objectweb.asm.FieldWriter                                                   : loaded 2 times (x 79B)
Class com.google.common.cache.CacheBuilder$NullListener                               : loaded 2 times (x 84B)
Class org.gradle.internal.classpath.TransformedClassPath                              : loaded 2 times (x 98B)
Class org.gradle.internal.classloader.InstrumentingClassLoader                        : loaded 2 times (x 72B)
Class org.apache.commons.io.output.UnsynchronizedByteArrayOutputStream                : loaded 2 times (x 104B)
Class com.google.common.collect.Iterators$ArrayItr                                    : loaded 2 times (x 99B)
Class com.google.common.base.Equivalence$Identity                                     : loaded 2 times (x 84B)
Class com.google.common.collect.ImmutableCollection$Builder                           : loaded 2 times (x 78B)
Class org.apache.commons.io.output.ByteArrayOutputStream                              : loaded 2 times (x 104B)
Class com.google.common.base.Joiner                                                   : loaded 2 times (x 82B)
Class com.google.common.base.MoreObjects                                              : loaded 2 times (x 73B)
Class com.google.common.collect.Platform                                              : loaded 2 times (x 73B)
Class [Lorg.objectweb.asm.Type;                                                       : loaded 2 times (x 71B)
Class com.google.common.collect.UnmodifiableIterator                                  : loaded 2 times (x 82B)
Class org.gradle.internal.service.ServiceLocator                                      : loaded 2 times (x 72B)
Class com.google.common.collect.SingletonImmutableBiMap                               : loaded 2 times (x 145B)
Class com.google.common.base.Ascii                                                    : loaded 2 times (x 73B)
Class com.google.common.collect.Iterators$SingletonIterator                           : loaded 2 times (x 83B)
Class com.google.common.cache.LocalCache$1                                            : loaded 2 times (x 91B)
Class com.google.common.collect.AbstractMapEntry                                      : loaded 2 times (x 83B)
Class com.google.common.collect.AbstractSetMultimap                                   : loaded 2 times (x 175B)
Class com.google.common.collect.MapMakerInternalMap$AbstractStrongKeyEntry            : loaded 2 times (x 82B)
Class com.google.common.io.CharSource$StringCharSource                                : loaded 2 times (x 88B)
Class com.google.common.io.ByteSource$ByteArrayByteSource                             : loaded 2 times (x 87B)
Class com.google.common.collect.Sets$ImprovedAbstractSet                              : loaded 2 times (x 137B)
Class com.google.common.collect.ImmutableList$Builder                                 : loaded 2 times (x 79B)
Class com.google.common.collect.AbstractMultimap                                      : loaded 2 times (x 125B)
Class com.google.common.cache.LocalCache$2                                            : loaded 2 times (x 144B)
Class com.google.common.collect.RegularImmutableAsList                                : loaded 2 times (x 219B)
Class com.google.common.base.Optional                                                 : loaded 2 times (x 82B)
Class com.google.common.collect.Iterators                                             : loaded 2 times (x 73B)
Class com.google.common.util.concurrent.AbstractFuture$Trusted                        : loaded 2 times (x 72B)
Class com.google.common.io.ByteSink$AsCharSink                                        : loaded 2 times (x 82B)
Class com.google.common.collect.Lists$StringAsImmutableList                           : loaded 2 times (x 209B)
Class com.google.common.util.concurrent.UncheckedExecutionException                   : loaded 2 times (x 84B)
Class org.gradle.kotlin.dsl.VersionCatalogAccessorsKt                                 : loaded 2 times (x 73B)
Class com.google.common.collect.HashMultimapGwtSerializationDependencies              : loaded 2 times (x 175B)
Class com.google.common.collect.AbstractMapBasedMultimap$KeySet$1                     : loaded 2 times (x 84B)
Class org.objectweb.asm.ClassWriter                                                   : loaded 2 times (x 107B)
Class com.google.common.base.CharMatcher$And                                          : loaded 2 times (x 114B)
Class com.google.common.cache.CacheLoader$UnsupportedLoadingOperationException        : loaded 2 times (x 84B)
Class com.google.common.base.Objects                                                  : loaded 2 times (x 73B)
Class org.objectweb.asm.FieldVisitor                                                  : loaded 2 times (x 79B)
Class com.google.common.collect.IndexedImmutableSet                                   : loaded 2 times (x 154B)
Class com.google.common.collect.ImmutableMap$1                                        : loaded 2 times (x 83B)
Class com.google.common.collect.BiMap                                                 : loaded 2 times (x 72B)
Class org.gradle.api.internal.classpath.DefaultModuleRegistry$DefaultModule           : loaded 2 times (x 84B)
Class com.google.common.base.Absent                                                   : loaded 2 times (x 82B)
Class com.google.common.primitives.Ints                                               : loaded 2 times (x 73B)
Class com.google.common.collect.AbstractIterator                                      : loaded 2 times (x 84B)
Class com.google.common.collect.ObjectArrays                                          : loaded 2 times (x 73B)
Class com.google.common.math.MathPreconditions                                        : loaded 2 times (x 73B)
Class com.google.common.collect.Multiset                                              : loaded 2 times (x 72B)
Class com.google.common.collect.ArrayListMultimapGwtSerializationDependencies         : loaded 2 times (x 173B)
Class com.google.common.collect.AbstractIndexedListIterator                           : loaded 2 times (x 98B)
Class org.apache.commons.io.output.NullOutputStream                                   : loaded 2 times (x 87B)
Class com.google.common.collect.ImmutableMapEntrySet                                  : loaded 2 times (x 154B)
Class org.gradle.api.internal.classpath.Module                                        : loaded 2 times (x 72B)
Class com.google.common.cache.Weigher                                                 : loaded 2 times (x 72B)
Class org.gradle.api.internal.classpath.UnknownModuleException                        : loaded 2 times (x 84B)
Class com.google.common.base.Stopwatch                                                : loaded 2 times (x 74B)
Class com.google.common.cache.LocalCache$Strength                                     : loaded 2 times (x 83B)
Class com.google.common.cache.Cache                                                   : loaded 2 times (x 72B)
Class com.google.common.base.NullnessCasts                                            : loaded 2 times (x 73B)
Class com.google.common.util.concurrent.AbstractFuture$Cancellation                   : loaded 2 times (x 74B)
Class com.google.common.collect.ImmutableMap$Builder                                  : loaded 2 times (x 84B)
Class com.google.common.collect.AbstractMapBasedMultimap$WrappedCollection$WrappedIterator: loaded 2 times (x 86B)
Class com.google.common.base.Present                                                  : loaded 2 times (x 83B)
Class com.google.common.cache.RemovalListener                                         : loaded 2 times (x 72B)
Class org.gradle.api.internal.DefaultClassPathRegistry                                : loaded 2 times (x 78B)
Class com.google.common.primitives.IntsMethodsForWeb                                  : loaded 2 times (x 73B)
Class com.google.common.collect.Multimap                                              : loaded 2 times (x 72B)
Class org.gradle.internal.classpath.DefaultClassPath$ImmutableUniqueList              : loaded 2 times (x 201B)
Class org.gradle.api.internal.ClassPathRegistry                                       : loaded 2 times (x 72B)
Class com.google.common.collect.MapMakerInternalMap$Segment                           : loaded 2 times (x 143B)
Class com.google.common.base.ExtraObjectsMethodsForWeb                                : loaded 2 times (x 73B)
Class org.apache.commons.io.IOUtils                                                   : loaded 2 times (x 73B)
Class com.google.common.cache.CacheLoader$FunctionToCacheLoader                       : loaded 2 times (x 77B)
Class com.google.common.io.ByteSink                                                   : loaded 2 times (x 78B)
Class com.google.common.collect.SingletonImmutableList                                : loaded 2 times (x 209B)
Class com.google.common.cache.CacheBuilder                                            : loaded 2 times (x 74B)
Class Settings_gradle$1                                                               : loaded 2 times (x 76B)
Class org.gradle.internal.classpath.ClassPath                                         : loaded 2 times (x 72B)
Class com.google.common.collect.Interners$InternerBuilder                             : loaded 2 times (x 78B)
Class com.google.common.io.Files$FileByteSource                                       : loaded 2 times (x 87B)
Class com.google.common.base.JdkPattern                                               : loaded 2 times (x 77B)
Class com.google.common.collect.ImmutableList$ReverseImmutableList                    : loaded 2 times (x 211B)
Class com.google.common.io.CharSource$CharSequenceCharSource                          : loaded 2 times (x 88B)
Class com.google.errorprone.annotations.DoNotMock                                     : loaded 2 times (x 72B)
Class org.objectweb.asm.SymbolTable$Entry                                             : loaded 2 times (x 75B)
Class org.gradle.api.internal.classpath.DefaultModuleRegistry$DefaultModuleAlias      : loaded 2 times (x 82B)
Class org.objectweb.asm.Edge                                                          : loaded 2 times (x 74B)
Class com.google.common.collect.Iterators$1                                           : loaded 2 times (x 83B)
Class com.google.common.base.Suppliers$SupplierOfInstance                             : loaded 2 times (x 81B)
Class com.google.common.collect.SingletonImmutableSet                                 : loaded 2 times (x 148B)
Class com.google.common.cache.LocalCache$ComputingValueReference                      : loaded 2 times (x 98B)
Class com.google.common.collect.ImmutableMap$IteratorBasedImmutableMap                : loaded 2 times (x 128B)
Class com.google.common.cache.LocalCache$Segment                                      : loaded 2 times (x 155B)
Class com.google.common.collect.AbstractListMultimap                                  : loaded 2 times (x 173B)
Class [Lorg.objectweb.asm.SymbolTable$Entry;                                          : loaded 2 times (x 71B)
Class com.google.common.collect.Iterators$4                                           : loaded 2 times (x 84B)
Class com.google.common.cache.CacheLoader                                             : loaded 2 times (x 76B)
Class com.google.common.collect.ImmutableBiMap                                        : loaded 2 times (x 145B)
Class org.gradle.api.internal.classpath.ModuleRegistry                                : loaded 2 times (x 72B)
Class org.gradle.internal.installation.GradleInstallation$1                           : loaded 2 times (x 77B)
Class com.google.common.base.Splitter$SplittingIterator                               : loaded 2 times (x 85B)
Class org.apache.commons.io.output.NullWriter                                         : loaded 2 times (x 101B)
Class com.google.common.collect.ImmutableSet$JdkBackedSetBuilderImpl                  : loaded 2 times (x 78B)
Class com.google.common.collect.Iterators$5                                           : loaded 2 times (x 84B)
Class com.google.common.util.concurrent.internal.InternalFutureFailureAccess          : loaded 2 times (x 74B)
Class com.google.common.base.CharMatcher$ForPredicate                                 : loaded 2 times (x 114B)
Class com.google.common.cache.LocalCache$LocalManualCache$1                           : loaded 2 times (x 77B)
Class com.google.common.base.CharMatcher$AnyOf                                        : loaded 2 times (x 114B)
Class com.google.common.collect.ImmutableCollection                                   : loaded 2 times (x 127B)
Class org.gradle.api.internal.classpath.DefaultModuleRegistry                         : loaded 2 times (x 86B)
Class com.google.common.collect.Lists                                                 : loaded 2 times (x 73B)
Class com.google.common.util.concurrent.ListenableFuture                              : loaded 2 times (x 72B)
Class com.google.common.cache.ReferenceEntry                                          : loaded 2 times (x 72B)
Class com.google.common.base.Converter                                                : loaded 2 times (x 92B)
Class com.google.common.collect.ImmutableSet$CachingAsList                            : loaded 2 times (x 150B)
Class com.google.common.collect.AbstractMapBasedMultimap                              : loaded 2 times (x 140B)
Class com.google.common.collect.Iterators$9                                           : loaded 2 times (x 83B)
Class com.google.common.collect.ImmutableAsList                                       : loaded 2 times (x 211B)
Class com.google.common.util.concurrent.AbstractFuture                                : loaded 2 times (x 108B)
Class com.google.common.base.FunctionalEquivalence                                    : loaded 2 times (x 85B)
Class org.objectweb.asm.RecordComponentVisitor                                        : loaded 2 times (x 79B)
Class com.google.common.cache.CacheLoader$SupplierToCacheLoader                       : loaded 2 times (x 77B)
Class com.google.common.collect.Maps$EntryTransformer                                 : loaded 2 times (x 72B)
Class org.gradle.internal.service.ServiceLookupException                              : loaded 2 times (x 84B)
Class [Lcom.google.common.cache.LocalCache$EntryFactory;                              : loaded 2 times (x 71B)
Class org.gradle.internal.classloader.ClassLoaderFactory                              : loaded 2 times (x 72B)
Class org.apache.commons.io.CloseableURLConnection                                    : loaded 2 times (x 118B)
Class com.google.common.base.CommonPattern                                            : loaded 2 times (x 76B)
Class com.google.common.base.CharMatcher$IsNot                                        : loaded 2 times (x 113B)
Class com.google.common.cache.LocalCache$LocalManualCache                             : loaded 2 times (x 101B)
Class org.gradle.internal.service.CachingServiceLocator                               : loaded 2 times (x 84B)
Class com.google.common.collect.AbstractMapBasedMultimap$KeySet                       : loaded 2 times (x 139B)
Class com.google.common.math.IntMath                                                  : loaded 2 times (x 73B)
Class com.google.common.collect.MapMakerInternalMap$InternalEntry                     : loaded 2 times (x 72B)
Class com.google.common.collect.ImmutableMapEntry                                     : loaded 2 times (x 87B)
Class com.google.common.base.Equivalence                                              : loaded 2 times (x 84B)
Class com.google.common.base.Function                                                 : loaded 2 times (x 72B)
Class com.google.common.collect.ImmutableMapEntry$NonTerminalImmutableMapEntry        : loaded 2 times (x 87B)
Class org.apache.commons.io.output.AbstractByteArrayOutputStream                      : loaded 2 times (x 104B)
Class com.google.common.collect.IndexedImmutableSet$1                                 : loaded 2 times (x 215B)
Class com.google.common.collect.RegularImmutableList                                  : loaded 2 times (x 215B)
Class com.google.common.cache.CacheBuilder$OneWeigher                                 : loaded 2 times (x 84B)
Class org.gradle.internal.classloader.ClasspathUtil                                   : loaded 2 times (x 73B)
Class com.google.common.util.concurrent.Uninterruptibles                              : loaded 2 times (x 73B)
Class com.google.common.collect.AbstractMapBasedMultimap$WrappedSet                   : loaded 2 times (x 144B)
Class com.google.common.io.CharSource                                                 : loaded 2 times (x 87B)
Class com.google.common.util.concurrent.LazyLogger                                    : loaded 2 times (x 74B)
Class com.google.common.collect.Maps                                                  : loaded 2 times (x 73B)
Class org.gradle.api.specs.Spec                                                       : loaded 2 times (x 72B)
Class com.google.common.collect.MapMaker                                              : loaded 2 times (x 74B)
Class [Lcom.google.common.collect.ImmutableEntry;                                     : loaded 2 times (x 71B)
Class com.google.common.cache.LocalCache$LoadingValueReference                        : loaded 2 times (x 98B)
Class com.google.common.collect.MapMakerInternalMap$StrongKeyDummyValueEntry          : loaded 2 times (x 84B)
Class com.google.common.collect.AbstractMapBasedMultimap$AsMap                        : loaded 2 times (x 130B)
Class com.google.common.base.Platform                                                 : loaded 2 times (x 73B)
Class com.google.common.collect.AbstractMapBasedMultimap$WrappedList                  : loaded 2 times (x 207B)
Class [Lorg.objectweb.asm.AnnotationWriter;                                           : loaded 2 times (x 71B)
Class com.google.common.collect.Maps$8                                                : loaded 2 times (x 84B)
Class [Lcom.google.common.collect.Iterators$EmptyModifiableIterator;                  : loaded 2 times (x 71B)
Class com.google.common.collect.Sets$SetView                                          : loaded 2 times (x 141B)
Class com.google.common.cache.LocalCache$StrongValueReference                         : loaded 2 times (x 92B)
Class com.google.common.graph.SuccessorsFunction                                      : loaded 2 times (x 72B)
Class org.objectweb.asm.Type                                                          : loaded 2 times (x 74B)
Class org.gradle.internal.classloader.VisitableURLClassLoader$InstrumentingVisitableURLClassLoader: loaded 2 times (x 124B)
Class com.google.common.collect.MapMakerInternalMap$StrongKeyDummyValueEntry$Helper   : loaded 2 times (x 81B)
Class com.google.common.io.Files$FileByteSink                                         : loaded 2 times (x 79B)
Class com.google.common.math.IntMath$1                                                : loaded 2 times (x 73B)
Class org.objectweb.asm.ByteVector                                                    : loaded 2 times (x 81B)
Class [Lcom.google.common.cache.CacheBuilder$NullListener;                            : loaded 2 times (x 71B)
Class org.gradle.internal.classloader.VisitableURLClassLoader$Spec                    : loaded 2 times (x 76B)
Class org.gradle.internal.classpath.DefaultClassPath                                  : loaded 2 times (x 92B)
Class com.google.common.base.AbstractIterator                                         : loaded 2 times (x 82B)
Class org.objectweb.asm.Symbol                                                        : loaded 2 times (x 75B)
Class com.google.common.io.Closer                                                     : loaded 2 times (x 80B)
Class com.google.common.base.CharMatcher$BitSetMatcher                                : loaded 2 times (x 114B)
Class com.google.common.collect.RegularImmutableMap$Values                            : loaded 2 times (x 209B)
Class com.google.common.collect.ImmutableSet                                          : loaded 2 times (x 147B)
Class org.gradle.internal.classloader.ClassLoaderSpec                                 : loaded 2 times (x 73B)
Class com.google.common.io.ByteSource$EmptyByteSource                                 : loaded 2 times (x 87B)
Class org.objectweb.asm.AnnotationWriter                                              : loaded 2 times (x 80B)
Class com.google.common.cache.CacheStats                                              : loaded 2 times (x 73B)
Class com.google.common.collect.Interners                                             : loaded 2 times (x 73B)
Class com.google.common.io.LineProcessor                                              : loaded 2 times (x 72B)
Class com.google.common.io.Closer$Suppressor                                          : loaded 2 times (x 72B)
Class org.objectweb.asm.RecordComponentWriter                                         : loaded 2 times (x 79B)
Class com.google.common.util.concurrent.AbstractFuture$Listener                       : loaded 2 times (x 74B)
Class com.google.common.base.CharMatcher$Or                                           : loaded 2 times (x 114B)
Class Settings_gradle$1$1                                                             : loaded 2 times (x 76B)
Class org.gradle.api.internal.classpath.Module$ModuleAlias                            : loaded 2 times (x 72B)
Class org.objectweb.asm.Attribute                                                     : loaded 2 times (x 79B)
Class com.google.common.base.Supplier                                                 : loaded 2 times (x 72B)
Class org.gradle.internal.classloader.VisitableURLClassLoader                         : loaded 2 times (x 118B)
Class com.google.common.io.CharSource$AsByteSource                                    : loaded 2 times (x 87B)
Class Settings_gradle                                                                 : loaded 2 times (x 126B)
Class org.gradle.internal.Cast                                                        : loaded 2 times (x 73B)
Class org.gradle.api.Action                                                           : loaded 2 times (x 72B)
Class com.google.common.collect.MapMakerInternalMap                                   : loaded 2 times (x 162B)
Class com.google.common.base.Strings                                                  : loaded 2 times (x 73B)
Class com.google.common.collect.Sets                                                  : loaded 2 times (x 73B)
Class org.objectweb.asm.Handler                                                       : loaded 2 times (x 74B)
Class com.google.common.base.CharMatcher$FastMatcher                                  : loaded 2 times (x 113B)
Class com.google.common.base.Ticker                                                   : loaded 2 times (x 74B)
Class [Lcom.google.common.cache.LocalCache$Segment;                                   : loaded 2 times (x 71B)
Class com.google.common.base.Predicate                                                : loaded 2 times (x 72B)
Class [Lcom.google.common.cache.LocalCache$Strength;                                  : loaded 2 times (x 71B)
Class com.google.common.cache.CacheBuilder$1                                          : loaded 2 times (x 87B)
Class com.google.common.collect.ImmutableMap                                          : loaded 2 times (x 122B)
Class org.gradle.internal.classpath.DefaultClassPath$ImmutableUniqueList$Builder      : loaded 2 times (x 77B)
Class com.google.common.collect.MapMakerInternalMap$WeakValueReference                : loaded 2 times (x 72B)
Class com.google.common.base.CharMatcher$NegatedFastMatcher                           : loaded 2 times (x 115B)
Class com.google.common.cache.LocalCache                                              : loaded 2 times (x 188B)
Class com.google.common.cache.CacheBuilder$2                                          : loaded 2 times (x 81B)
Class com.google.common.collect.ArrayListMultimap                                     : loaded 2 times (x 173B)
Class com.google.common.cache.CacheBuilder$3                                          : loaded 2 times (x 74B)
Class [Lcom.google.common.collect.AbstractMapEntry;                                   : loaded 2 times (x 71B)
Class com.google.common.collect.ImmutableEntry                                        : loaded 2 times (x 84B)
Class org.gradle.api.GradleException                                                  : loaded 2 times (x 84B)
Class com.google.common.base.Suppliers$MemoizingSupplier                              : loaded 2 times (x 81B)
Class com.google.common.io.CharSource$EmptyCharSource                                 : loaded 2 times (x 88B)
Class org.apache.commons.io.StandardLineSeparator                                     : loaded 2 times (x 81B)
Class com.google.common.collect.CollectPreconditions                                  : loaded 2 times (x 73B)
Class [Lcom.google.common.collect.MapMakerInternalMap$Strength;                       : loaded 2 times (x 71B)
Class [Lcom.google.common.io.FileWriteMode;                                           : loaded 2 times (x 71B)
Class com.google.common.collect.SortedMapDifference                                   : loaded 2 times (x 72B)
Class com.google.common.collect.MapMakerInternalMap$StrongKeyDummyValueSegment        : loaded 2 times (x 143B)
Class com.google.common.io.Files                                                      : loaded 2 times (x 73B)
Class com.google.common.cache.LocalCache$EntryFactory                                 : loaded 2 times (x 85B)
Class [Lcom.google.common.collect.MapMaker$Dummy;                                     : loaded 2 times (x 71B)
Class com.google.common.base.CharMatcher$Whitespace                                   : loaded 2 times (x 114B)
Class com.google.common.cache.LocalCache$AbstractReferenceEntry                       : loaded 2 times (x 109B)
Class org.gradle.internal.IoActions                                                   : loaded 2 times (x 73B)
Class com.google.common.collect.ImmutableMapKeySet                                    : loaded 2 times (x 154B)
Class org.objectweb.asm.SymbolTable                                                   : loaded 2 times (x 74B)
Class com.google.common.collect.ImmutableSet$RegularSetBuilderImpl                    : loaded 2 times (x 78B)
Class com.google.common.cache.CacheLoader$InvalidCacheLoadException                   : loaded 2 times (x 84B)
Class com.google.common.cache.LocalCache$StrongEntry                                  : loaded 2 times (x 110B)
Class com.google.common.util.concurrent.AbstractFuture$TrustedFuture                  : loaded 2 times (x 116B)
Class com.google.common.cache.LoadingCache                                            : loaded 2 times (x 72B)
Class com.google.common.base.Suppliers$NonSerializableMemoizingSupplier               : loaded 2 times (x 81B)
Class com.google.common.io.ByteStreams$LimitedInputStream                             : loaded 2 times (x 94B)
Class org.objectweb.asm.MethodWriter                                                  : loaded 2 times (x 107B)
Class [Lcom.google.common.cache.Weigher;                                              : loaded 2 times (x 71B)
Class com.google.common.collect.RegularImmutableMap$BucketOverflowException           : loaded 2 times (x 84B)
Class com.google.common.collect.AbstractMapBasedMultimap$RandomAccessWrappedList      : loaded 2 times (x 207B)
Class com.google.common.collect.RegularImmutableBiMap                                 : loaded 2 times (x 150B)
Class com.google.common.base.CharMatcher$Negated                                      : loaded 2 times (x 115B)
Class com.google.common.base.CharMatcher$Is                                           : loaded 2 times (x 113B)
Class com.google.common.cache.LocalCache$ValueReference                               : loaded 2 times (x 72B)
Class com.google.common.hash.PrimitiveSink                                            : loaded 2 times (x 72B)
Class com.google.common.base.PatternCompiler                                          : loaded 2 times (x 72B)
Class com.google.common.util.concurrent.AbstractFuture$Failure                        : loaded 2 times (x 74B)
Class com.google.common.base.Equivalence$Equals                                       : loaded 2 times (x 84B)
Class com.google.common.collect.Hashing                                               : loaded 2 times (x 73B)
Class com.google.common.base.Preconditions                                            : loaded 2 times (x 73B)
Class com.google.common.io.CharSink                                                   : loaded 2 times (x 81B)
Class com.google.common.base.Joiner$1                                                 : loaded 2 times (x 83B)
Class org.objectweb.asm.Label                                                         : loaded 2 times (x 75B)
Class org.objectweb.asm.CurrentFrame                                                  : loaded 2 times (x 75B)
Class org.objectweb.asm.ClassTooLargeException                                        : loaded 2 times (x 84B)
Class com.google.common.collect.PeekingIterator                                       : loaded 2 times (x 72B)
Class com.google.common.base.CharMatcher                                              : loaded 2 times (x 113B)
Class com.google.common.collect.Table                                                 : loaded 2 times (x 72B)
Class com.google.common.collect.MapMakerInternalMap$InternalEntryHelper               : loaded 2 times (x 72B)
Class com.google.common.io.ByteSource$AsCharSource                                    : loaded 2 times (x 88B)
Class com.google.common.collect.Maps$IteratorBasedAbstractMap                         : loaded 2 times (x 127B)
Class com.google.common.base.Joiner$2                                                 : loaded 2 times (x 82B)
Class org.objectweb.asm.Frame                                                         : loaded 2 times (x 75B)
Class org.objectweb.asm.MethodVisitor                                                 : loaded 2 times (x 107B)
Class com.google.common.base.CharMatcher$1                                            : loaded 2 times (x 115B)
Class com.google.common.base.CharMatcher$NamedFastMatcher                             : loaded 2 times (x 114B)
Class com.google.common.cache.LocalCache$EntryFactory$1                               : loaded 2 times (x 85B)
Class [Lcom.google.common.cache.RemovalListener;                                      : loaded 2 times (x 71B)
Class com.google.common.cache.LocalCache$EntryFactory$2                               : loaded 2 times (x 85B)
Class org.objectweb.asm.ModuleWriter                                                  : loaded 2 times (x 83B)
Class com.google.common.cache.LocalCache$EntryFactory$3                               : loaded 2 times (x 85B)
Class com.google.common.base.Ticker$1                                                 : loaded 2 times (x 74B)
Class com.google.common.collect.Maps$BiMapConverter                                   : loaded 2 times (x 92B)
Class com.google.common.collect.ImmutableMapEntrySet$RegularEntrySet                  : loaded 2 times (x 154B)
Class com.google.common.collect.SetMultimap                                           : loaded 2 times (x 72B)
Class com.google.common.collect.ImmutableSet$Builder                                  : loaded 2 times (x 87B)
Class com.google.common.base.CharMatcher$InRange                                      : loaded 2 times (x 113B)
Class com.google.common.cache.LocalCache$EntryFactory$4                               : loaded 2 times (x 85B)
Class com.google.common.io.ByteStreams$1                                              : loaded 2 times (x 87B)
Class com.google.common.cache.LocalCache$EntryFactory$5                               : loaded 2 times (x 85B)
Class com.google.common.base.PairwiseEquivalence                                      : loaded 2 times (x 85B)
Class com.google.common.collect.HashMultimap                                          : loaded 2 times (x 175B)
Class org.apache.commons.io.output.AppendableWriter                                   : loaded 2 times (x 102B)
Class com.google.common.cache.LocalCache$EntryFactory$6                               : loaded 2 times (x 85B)
Class org.gradle.internal.installation.CurrentGradleInstallationLocator               : loaded 2 times (x 73B)
Class com.google.common.io.ByteSource$SlicedByteSource                                : loaded 2 times (x 87B)
Class org.apache.commons.io.output.ThresholdingOutputStream                           : loaded 2 times (x 97B)
Class com.google.common.collect.Maps$KeySet                                           : loaded 2 times (x 139B)
Class com.google.common.collect.ImmutableSet$EmptySetBuilderImpl                      : loaded 2 times (x 78B)
Class com.google.common.cache.LocalCache$EntryFactory$7                               : loaded 2 times (x 85B)
Class com.google.common.collect.ImmutableList                                         : loaded 2 times (x 208B)
Class org.gradle.internal.service.DefaultServiceLocator                               : loaded 2 times (x 85B)
Class com.google.common.collect.Maps$EntrySet                                         : loaded 2 times (x 138B)
Class com.google.common.collect.ImmutableSet$SetBuilderImpl                           : loaded 2 times (x 78B)
Class com.google.common.cache.LocalCache$EntryFactory$8                               : loaded 2 times (x 85B)
Class org.gradle.internal.installation.CurrentGradleInstallation                      : loaded 2 times (x 75B)
Class com.google.common.collect.ImmutableList$SubList                                 : loaded 2 times (x 211B)
Class com.google.common.cache.CacheLoader$1                                           : loaded 2 times (x 77B)
Class org.gradle.util.internal.GUtil                                                  : loaded 2 times (x 73B)
Class com.google.common.io.ByteSource                                                 : loaded 2 times (x 86B)
Class com.google.common.cache.AbstractCache$StatsCounter                              : loaded 2 times (x 72B)
Class com.google.common.collect.MapMakerInternalMap$1                                 : loaded 2 times (x 85B)
Class com.google.common.collect.Iterators$MergingIterator                             : loaded 2 times (x 83B)
Class com.google.common.collect.RegularImmutableSet                                   : loaded 2 times (x 150B)
Class org.gradle.internal.installation.GradleInstallation                             : loaded 2 times (x 77B)
Class com.google.common.base.Splitter$Strategy                                        : loaded 2 times (x 72B)
Class com.google.common.collect.Iterables                                             : loaded 2 times (x 73B)

---------------  S Y S T E M  ---------------

OS:
 Windows 10 , 64 bit Build 19041 (10.0.19041.7548)
OS uptime: 0 days 1:06 hours

CPU: total 4 (initial active 4) (4 cores per cpu, 1 threads per core) family 6 model 94 stepping 3 microcode 0xcc, cx8, cmov, fxsr, mmx, 3dnowpref, sse, sse2, sse3, ssse3, sse4.1, sse4.2, popcnt, lzcnt, tsc, tscinvbit, avx, avx2, aes, erms, clmul, bmi1, bmi2, rtm, adx, fma, vzeroupper, clflush, clflushopt, rdtscp, f16c
Processor Information for the first 4 processors :
  Max Mhz: 3192, Current Mhz: 3192, Mhz Limit: 3192

Memory: 4k page, system-wide physical 16308M (824M free)
TotalPageFile size 18356M (AvailPageFile size 164M)
current process WorkingSet (physical memory assigned to process): 678M, peak: 686M
current process commit charge ("private bytes"): 708M, peak: 882M

vm_info: OpenJDK 64-Bit Server VM (25.0.2+-15348964-b329.117) for windows-amd64 JRE (25.0.2+-15348964-b329.117), built on 2026-05-05T18:25:19Z with MS VC++ 16.10 / 16.11 (VS2019)

END.
